Day,Total,Birth,Death,Red,Blue,Yellow,Purple,Orange,Pink
1,60,0,21,7,7,8,5,7,5
2,39,0,0,7,7,8,5,7,5
3,39,0,0,7,7,8,5,7,5
4,39,0,0,7,7,8,5,7,5
5,39,0,0,7,7,8,5,7,5
6,39,0,0,7,7,8,5,7,5
7,39,16,0,12,9,13,5,11,5
8,55,12,4,13,12,14,8,11,5
9,63,1,2,13,11,14,7,12,5
10,62,0,1,13,11,14,7,11,5
11,61,1,0,13,11,14,7,12,5
12,62,2,1,13,11,15,7,12,5
13,63,0,0,13,11,15,7,12,5
14,63,4,0,14,11,15,7,15,5
15,67,4,2,13,12,18,7,14,5
16,69,5,0,15,13,19,7,15,5
17,74,2,1,14,14,19,8,15,5
18,75,0,1,14,13,19,8,15,5
19,74,3,0,16,13,20,8,15,5
20,77,4,1,15,14,21,9,16,5
21,80,3,0,17,14,22,9,16,5
22,83,4,1,17,14,24,9,17,5
23,86,3,0,17,15,24,9,19,5
24,89,8,0,18,20,24,9,21,5
25,97,3,2,17,21,25,10,20,5
26,98,2,0,17,21,25,10,21,6
27,100,3,0,18,21,26,10,22,6
28,103,8,1,22,23,26,11,22,6
29,110,5,1,21,24,28,12,23,6
30,114,1,1,21,24,27,12,24,6
31,114,5,0,21,26,30,12,24,6
32,119,6,1,22,26,31,13,26,6
33,124,3,2,22,26,33,13,25,6
34,125,3,0,23,26,34,13,26,6
35,128,8,0,24,29,35,14,28,6
36,136,10,1,27,32,37,14,29,6
37,145,5,4,27,32,38,14,29,6
38,146,3,0,28,32,39,14,30,6
39,149,7,0,28,34,44,14,30,6
40,156,3,2,28,33,44,14,32,6
41,157,4,2,31,33,43,14,32,6
42,159,4,0,31,36,43,14,33,6
43,163,7,1,30,38,45,15,35,6
44,169,14,1,34,42,46,16,38,6
45,182,6,4,36,42,45,16,39,6
46,184,10,0,38,46,46,17,41,6
47,194,7,1,38,47,47,18,44,6
48,200,3,0,38,47,49,18,45,6
49,203,4,1,38,49,49,18,46,6
50,206,5,2,39,49,51,18,46,6
51,209,7,2,39,50,53,18,47,7
52,214,8,3,42,50,53,19,49,6
53,219,7,0,45,51,55,19,50,6
54,226,5,0,47,53,55,19,51,6
55,231,11,5,48,53,61,19,50,6
56,237,8,4,51,56,60,19,49,6
57,241,9,4,51,56,61,19,53,6
58,246,9,3,53,57,64,20,52,6
59,252,12,2,56,59,68,20,53,6
60,262,7,4,53,61,68,21,56,6
61,265,7,4,54,61,68,22,57,6
62,268,9,2,56,63,70,24,56,6
63,275,7,3,58,63,72,23,57,6
64,279,6,1,59,65,73,23,58,6
65,284,11,3,58,68,78,23,59,6
66,292,5,2,60,69,78,24,58,6
67,295,5,2,60,69,79,24,60,6
68,298,6,1,63,69,78,24,63,6
69,303,11,2,68,73,78,25,62,6
70,312,9,5,72,70,78,26,64,6
71,316,7,1,76,71,79,26,64,6
72,322,9,1,76,72,85,26,65,6
73,330,11,0,78,76,86,26,68,7
74,341,15,1,80,79,91,29,70,6
75,355,7,2,81,81,93,28,71,6
76,360,11,3,83,85,95,28,71,6
77,368,9,1,85,85,98,29,73,6
78,376,11,4,88,87,96,31,75,6
79,383,7,7,86,87,99,28,77,6
80,383,11,3,88,89,100,30,78,6
81,391,9,0,89,90,105,31,79,6
82,400,12,2,93,93,107,32,79,6
83,410,5,6,91,93,106,33,80,6
84,409,10,5,94,96,105,31,82,6
85,414,9,1,93,100,109,32,82,6
86,422,11,4,96,101,108,33,85,6
87,429,17,4,100,101,111,35,89,6
88,442,10,4,101,102,113,36,90,6
89,448,16,3,100,109,116,38,92,6
90,461,13,2,103,110,120,37,96,6
91,472,12,3,107,114,120,39,95,6
92,481,11,3,109,116,122,37,99,6
93,489,10,1,112,119,125,37,99,6
94,498,14,3,116,122,127,38,100,6
95,509,10,2,118,125,126,38,104,6
96,517,5,2,120,126,127,37,104,6
97,520,11,2,125,128,128,37,105,6
98,529,8,5,123,128,130,38,107,6
99,532,5,4,122,129,130,38,107,7
100,533,12,3,128,132,131,38,107,6
101,542,12,1,131,134,134,38,110,6
102,553,15,4,135,139,135,38,111,6
103,564,14,3,135,142,137,39,116,6
104,575,16,5,141,143,140,39,117,6
105,586,6,5,141,142,139,40,119,6
106,587,11,2,145,144,140,41,120,6
107,596,16,2,147,146,141,43,126,7
108,610,17,3,152,153,144,43,125,7
109,624,16,6,152,160,146,44,125,7
110,634,14,1,156,159,149,48,128,7
111,647,5,1,157,160,149,48,130,7
112,651,11,2,158,160,156,49,130,7
113,660,14,2,159,163,158,50,134,8
114,672,14,3,164,164,159,51,137,8
115,683,7,4,165,164,161,52,135,9
116,686,10,1,167,167,164,51,137,9
117,695,7,2,168,168,165,51,139,9
118,700,14,4,173,167,165,54,142,9
119,710,12,4,176,171,166,53,143,9
120,718,10,2,181,170,167,54,145,9
121,726,14,4,182,173,173,53,146,9
122,736,16,6,188,174,172,54,147,11
123,746,9,7,190,175,172,54,146,11
124,748,14,1,194,179,173,56,148,11
125,761,14,7,195,180,172,58,152,11
126,768,12,5,198,180,175,57,153,12
127,775,8,3,200,181,175,57,155,12
128,780,12,6,202,180,177,57,158,12
129,786,15,3,206,182,179,58,161,12
130,798,9,4,205,181,182,60,163,12
131,803,12,5,206,183,183,64,162,12
132,810,8,2,208,187,182,64,163,12
133,816,14,4,210,187,184,65,165,15
134,826,14,5,215,188,183,66,168,15
135,835,8,7,217,188,182,66,169,14
136,836,15,1,221,189,185,69,172,14
137,850,14,9,225,191,184,68,173,14
138,855,10,5,228,190,185,70,173,14
139,860,18,5,229,193,185,74,178,14
140,873,10,4,230,195,187,74,177,16
141,879,20,8,233,197,186,74,184,17
142,891,13,6,235,199,189,75,183,17
143,898,17,6,242,199,188,75,188,17
144,909,16,4,245,199,191,75,194,17
145,921,11,8,247,198,193,76,192,18
146,924,10,1,250,198,197,76,194,18
147,933,15,1,254,199,199,79,198,18
148,947,12,6,256,202,201,77,199,18
149,953,16,6,263,202,200,77,202,19
150,963,19,3,266,205,202,79,208,19
151,979,8,6,266,206,202,78,211,18
152,981,17,2,268,210,203,83,214,18
153,996,13,5,271,207,206,85,216,19
154,1004,14,4,274,209,208,87,218,18
155,1014,18,7,279,208,211,90,219,18
156,1025,12,6,280,209,212,90,221,19
157,1031,21,4,285,212,212,91,227,21
158,1048,14,5,291,211,215,93,227,20
159,1057,14,2,293,213,218,93,232,20
160,1069,14,8,298,215,216,93,234,19
161,1075,13,7,299,216,216,94,236,20
162,1081,13,2,303,217,218,95,238,21
163,1092,18,7,307,222,219,98,236,21
164,1103,21,6,311,223,224,100,239,21
165,1118,17,7,315,224,224,102,242,21
166,1128,14,5,324,225,224,101,243,20
167,1137,9,1,326,226,225,103,244,21
168,1145,14,4,329,227,226,103,246,24
169,1155,15,4,330,230,227,104,251,24
170,1166,14,3,332,233,229,104,254,25
171,1177,17,4,334,236,231,104,258,27
172,1190,11,10,336,235,231,103,260,26
173,1191,16,8,336,236,235,105,261,26
174,1199,20,4,344,239,234,108,264,26
175,1215,13,4,347,241,235,109,265,27
176,1224,16,7,348,244,236,110,268,27
177,1233,19,4,352,246,235,116,272,27
178,1248,12,6,355,248,234,117,272,28
179,1254,20,5,360,250,236,117,274,32
180,1269,11,8,363,250,238,117,274,30
181,1272,11,3,363,250,240,119,278,30
182,1280,15,1,370,249,241,122,281,31
183,1294,25,5,374,253,242,125,288,32
184,1314,16,8,379,258,242,123,288,32
185,1322,18,9,376,261,246,123,293,32
186,1331,17,7,375,262,249,124,296,35
187,1341,19,7,378,265,250,128,296,36
188,1353,13,6,380,265,252,128,299,36
189,1360,16,2,386,268,255,129,300,36
190,1374,16,2,389,270,258,132,302,37
191,1388,6,4,390,269,258,132,303,38
192,1390,15,4,395,271,259,134,304,38
193,1401,14,7,397,270,261,133,309,38
194,1408,17,5,400,271,260,135,313,41
195,1420,15,8,405,272,261,135,313,41
196,1427,23,8,413,274,262,138,313,42
197,1442,17,7,412,278,264,140,317,41
198,1452,13,10,414,277,264,138,320,42
199,1455,17,7,416,279,266,139,323,42
200,1465,18,6,416,283,268,142,323,45
201,1477,15,4,418,284,271,145,325,45
202,1488,16,7,425,287,269,145,325,46
203,1497,17,3,431,287,272,147,326,48
204,1511,17,4,433,292,272,151,329,47
205,1524,10,8,433,291,271,153,331,47
206,1526,25,5,444,294,272,153,334,49
207,1546,11,10,442,294,274,153,336,48
208,1547,15,4,446,291,277,155,341,48
209,1558,11,5,449,292,278,156,340,49
210,1564,13,5,450,292,277,157,346,50
211,1572,20,7,452,295,280,158,350,50
212,1585,18,9,455,300,278,160,350,51
213,1594,23,6,460,298,284,162,354,53
214,1611,13,7,462,301,284,163,352,55
215,1617,20,3,468,302,289,165,356,54
216,1634,16,11,468,304,292,166,355,54
217,1639,18,6,470,305,295,167,359,55
218,1651,24,4,476,307,298,170,364,56
219,1671,12,8,475,307,300,169,367,57
220,1675,21,8,478,308,302,172,368,60
221,1688,20,9,485,311,299,171,372,61
222,1699,10,9,483,312,300,172,371,62
223,1700,15,3,485,314,302,173,375,63
224,1712,16,6,489,315,304,174,376,64
225,1722,19,7,494,319,307,175,375,64
226,1734,14,6,498,321,305,174,378,66
227,1742,14,3,502,323,308,176,379,65
228,1753,19,4,503,328,310,178,381,68
229,1768,25,14,507,332,313,180,381,66
230,1779,28,10,510,338,314,186,383,66
231,1797,21,8,518,337,315,186,386,68
232,1810,26,10,520,342,318,189,389,68
233,1826,20,10,529,344,316,188,391,68
234,1836,22,10,526,347,322,188,395,70
235,1848,26,10,531,350,325,190,395,73
236,1864,24,11,535,351,326,192,401,72
237,1877,25,11,538,355,329,193,404,72
238,1891,27,6,543,363,335,194,403,74
239,1912,18,9,545,366,336,193,404,77
240,1921,25,10,551,366,340,195,404,80
241,1936,29,11,557,368,342,201,406,80
242,1954,17,10,558,369,341,201,410,82
243,1961,17,4,561,372,342,202,412,85
244,1974,15,7,565,374,343,203,411,86
245,1982,16,5,571,376,343,205,412,86
246,1993,17,8,571,376,346,206,415,88
247,2002,17,7,578,374,347,208,417,88
248,2012,22,8,584,377,348,209,418,90
249,2026,25,4,591,379,350,212,421,94
250,2047,18,4,594,380,353,214,425,95
251,2061,32,7,598,387,352,219,430,100
252,2086,17,14,602,387,351,221,431,97
253,2089,19,7,605,390,355,222,430,99
254,2101,14,11,604,389,355,222,434,100
255,2104,21,7,609,394,356,224,434,101
256,2118,20,6,607,401,361,226,435,102
257,2132,22,12,610,403,361,225,437,106
258,2142,16,6,613,405,363,225,439,107
259,2152,17,11,613,406,362,226,443,108
260,2158,12,6,613,407,363,228,444,109
261,2164,22,5,618,409,367,231,444,112
262,2181,28,15,621,416,367,230,445,115
263,2194,21,14,624,418,365,232,445,117
264,2201,16,8,626,418,368,234,445,118
265,2209,22,5,628,422,370,236,449,121
266,2226,18,9,633,425,371,235,448,123
267,2235,14,13,634,427,372,235,446,122
268,2236,25,7,644,430,371,237,449,123
269,2254,26,9,649,435,373,238,451,125
270,2271,21,12,655,436,373,237,452,127
271,2280,13,7,656,435,377,237,453,128
272,2286,27,5,665,437,380,240,453,133
273,2308,24,10,671,438,384,240,454,135
274,2322,20,9,674,441,385,240,455,138
275,2333,18,7,678,441,386,243,457,139
276,2344,25,7,687,445,389,244,458,139
277,2362,29,12,690,451,392,244,459,143
278,2379,22,8,697,455,391,244,462,144
279,2393,22,9,703,458,394,245,461,145
280,2406,31,12,713,462,393,246,466,145
281,2425,22,15,712,466,394,247,470,143
282,2432,18,7,717,469,396,246,469,146
283,2443,22,6,725,475,396,247,471,145
284,2459,26,8,732,476,397,248,473,151
285,2477,17,12,729,479,402,248,474,150
286,2482,24,9,741,478,403,248,475,152
287,2497,24,9,738,482,407,256,476,153
288,2512,20,16,739,482,409,253,476,157
289,2516,30,9,749,489,409,254,478,158
290,2537,24,13,752,489,411,254,480,162
291,2548,22,11,757,492,414,254,482,160
292,2559,16,11,758,492,414,257,482,161
293,2564,18,7,759,498,414,256,487,161
294,2575,19,9,763,502,415,258,486,161
295,2585,22,12,767,506,418,258,487,159
296,2595,24,9,772,510,419,259,488,162
297,2610,21,9,779,506,423,262,489,163
298,2622,14,7,781,510,423,262,489,164
299,2629,26,5,789,510,425,266,495,165
300,2650,29,16,794,511,429,264,496,169
301,2663,26,14,800,513,424,268,501,169
302,2675,22,15,808,512,425,267,500,170
303,2682,24,7,813,515,428,271,499,173
304,2699,20,14,816,516,426,273,501,173
305,2705,26,6,821,517,431,277,503,176
306,2725,32,15,832,521,432,277,506,174
307,2742,17,13,832,523,433,275,508,175
308,2746,26,10,834,530,434,278,507,179
309,2762,20,9,837,533,432,278,509,184
310,2773,22,7,845,534,434,279,512,184
311,2788,19,17,842,537,433,280,512,186
312,2790,19,7,847,537,434,281,516,187
313,2802,22,9,851,541,434,284,517,188
314,2815,25,10,855,545,435,285,523,187
315,2830,27,12,859,550,435,288,526,187
316,2845,19,10,860,551,437,288,528,190
317,2854,29,10,869,554,440,288,530,192
318,2873,24,10,872,556,441,293,530,195
319,2887,20,15,873,559,440,295,532,193
320,2892,26,13,882,561,440,294,533,195
321,2905,24,8,882,566,443,300,535,195
322,2921,20,12,887,567,444,299,536,196
323,2929,13,14,884,567,446,298,539,194
324,2928,29,15,889,570,446,298,543,196
325,2942,24,12,891,570,451,303,543,196
326,2954,19,16,895,571,447,303,545,196
327,2957,26,9,895,576,452,302,551,198
328,2974,25,16,899,576,449,303,557,199
329,2983,36,7,910,580,452,306,564,200
330,3012,24,15,920,581,447,306,567,200
331,3021,19,12,919,585,448,307,568,201
332,3028,19,10,924,585,449,309,569,201
333,3037,19,8,932,583,451,310,570,202
334,3048,29,8,937,585,453,312,577,205
335,3069,27,13,943,585,451,315,581,208
336,3083,32,15,952,584,452,315,589,208
337,3100,20,17,950,589,449,317,589,209
338,3103,27,14,959,594,450,317,589,207
339,3116,31,11,962,599,451,318,596,210
340,3136,15,6,966,599,452,321,597,210
341,3145,28,9,976,602,456,323,600,207
342,3164,21,14,979,602,456,325,601,208
343,3171,21,9,985,605,455,325,605,208
344,3183,24,13,991,609,456,325,603,210
345,3194,19,14,994,609,454,324,608,210
346,3199,30,16,1001,610,454,326,609,213
347,3213,23,7,1006,612,458,329,609,215
348,3229,37,13,1015,613,462,331,617,215
349,3253,31,12,1017,614,468,332,622,219
350,3272,32,13,1025,617,470,331,626,222
351,3291,23,19,1026,619,470,334,624,222
352,3295,22,9,1030,621,472,336,626,223
353,3308,21,4,1036,624,472,338,632,223
354,3325,25,5,1045,625,471,339,638,227
355,3345,18,15,1048,626,473,339,636,226
356,3348,20,7,1053,628,475,342,637,226
357,3361,24,16,1065,627,475,341,635,226
358,3369,28,10,1070,630,475,343,642,227
359,3387,21,17,1078,629,473,346,639,226
360,3391,17,15,1079,634,471,348,639,222
361,3393,26,4,1085,636,475,351,644,224
362,3415,30,17,1095,635,475,355,643,225
363,3428,35,16,1104,639,476,355,648,225
364,3447,25,17,1101,643,478,356,651,226
365,3455,27,11,1113,647,477,355,653,226
366,3471,26,12,1124,645,476,355,657,228
367,3485,22,12,1127,648,479,356,655,230
368,3495,17,11,1130,647,479,355,659,231
369,3501,15,13,1129,650,475,359,657,233
370,3503,24,18,1137,654,473,357,656,232
371,3509,23,18,1137,651,471,357,662,236
372,3514,28,15,1143,655,470,362,662,235
373,3527,18,12,1143,658,470,365,663,234
374,3533,28,15,1152,661,468,365,667,233
375,3546,30,13,1158,662,471,368,669,235
376,3563,23,16,1166,662,469,366,670,237
377,3570,25,9,1175,665,469,367,675,235
378,3586,32,15,1183,669,471,368,677,235
379,3603,31,14,1193,668,473,371,679,236
380,3620,27,19,1188,674,473,373,684,236
381,3628,28,17,1196,676,471,376,683,237
382,3639,28,12,1205,674,472,377,686,241
383,3655,21,15,1209,678,471,376,689,238
384,3661,23,7,1212,684,474,378,690,239
385,3677,27,14,1215,690,474,377,694,240
386,3690,12,19,1216,684,475,375,693,240
387,3683,28,7,1222,687,478,379,699,239
388,3704,26,14,1226,692,478,378,701,241
389,3716,26,7,1235,694,479,380,701,246
390,3735,24,11,1239,698,480,379,702,250
391,3748,17,18,1240,694,482,379,703,249
392,3747,29,11,1242,696,484,384,710,249
393,3765,24,10,1249,698,488,386,708,250
394,3779,27,12,1257,700,487,385,713,252
395,3794,21,21,1262,702,483,384,711,252
396,3794,20,11,1259,706,484,385,715,254
397,3803,35,9,1270,713,487,389,714,256
398,3829,31,12,1278,714,485,390,724,257
399,3848,26,15,1287,716,483,392,725,256
400,3859,18,10,1290,716,485,393,728,255
401,3867,25,12,1297,718,487,394,728,256
402,3880,29,14,1310,720,486,392,730,257
403,3895,31,13,1316,724,488,393,734,258
404,3913,29,16,1323,726,487,392,739,259
405,3926,34,17,1332,727,490,393,740,261
406,3943,25,15,1333,729,490,395,745,261
407,3953,17,12,1337,730,489,396,745,261
408,3958,25,8,1336,740,491,397,749,262
409,3975,26,11,1341,744,491,399,754,261
410,3990,23,19,1345,741,493,399,754,262
411,3994,26,9,1353,740,494,401,761,262
412,4011,22,12,1358,739,496,400,763,265
413,4021,25,17,1360,742,494,402,767,264
414,4029,21,15,1363,741,495,402,767,267
415,4035,23,12,1366,743,499,401,768,269
416,4046,26,13,1371,749,494,403,774,268
417,4059,22,14,1376,747,497,404,775,268
418,4067,22,12,1379,750,493,406,777,272
419,4077,29,13,1384,754,494,409,777,275
420,4093,17,18,1382,752,494,407,782,275
421,4092,27,9,1388,755,495,408,788,276
422,4110,28,18,1389,760,493,411,790,277
423,4120,34,19,1403,755,496,408,794,279
424,4135,24,18,1402,757,497,409,794,282
425,4141,35,11,1415,762,499,410,798,281
426,4165,25,19,1417,762,498,412,799,283
427,4171,25,11,1425,765,497,411,800,287
428,4185,17,14,1428,764,497,413,799,287
429,4188,43,9,1436,774,499,419,803,291
430,4222,30,21,1442,777,501,418,801,292
431,4231,24,13,1445,777,507,419,802,292
432,4242,28,18,1445,779,506,420,808,294
433,4252,24,24,1450,777,505,420,807,293
434,4252,21,15,1453,776,509,419,807,294
435,4258,37,16,1464,779,510,420,807,299
436,4279,21,15,1467,782,511,417,811,297
437,4285,23,14,1464,788,513,422,810,297
438,4294,30,12,1475,791,511,423,811,301
439,4312,22,9,1475,793,515,424,815,303
440,4325,31,16,1482,798,516,420,819,305
441,4340,28,18,1485,802,515,420,822,306
442,4350,37,17,1490,807,520,419,826,308
443,4370,20,12,1493,809,521,419,827,309
444,4378,29,16,1496,807,525,420,833,310
445,4391,21,17,1498,808,524,421,835,309
446,4395,24,16,1505,812,522,421,834,309
447,4403,27,15,1518,807,527,422,831,310
448,4415,34,24,1524,809,523,425,834,310
449,4425,30,20,1521,816,523,426,838,311
450,4435,20,11,1526,815,525,425,839,314
451,4444,27,11,1540,818,524,423,839,316
452,4460,26,21,1544,817,522,426,838,318
453,4465,15,18,1540,817,523,427,838,317
454,4462,18,16,1542,816,521,427,839,319
455,4464,23,25,1545,815,522,428,834,318
456,4462,16,20,1544,818,520,427,832,317
457,4458,24,15,1545,821,521,426,835,319
458,4467,29,16,1551,826,522,426,837,318
459,4480,23,20,1552,830,521,424,837,319
460,4483,24,13,1554,833,521,428,838,320
461,4494,25,14,1555,834,522,430,839,325
462,4505,27,13,1559,840,523,430,840,327
463,4519,17,20,1556,836,527,431,838,328
464,4516,32,13,1556,842,533,432,844,328
465,4535,29,20,1560,848,530,435,843,328
466,4544,25,12,1563,852,532,434,846,330
467,4557,27,19,1566,852,529,434,851,333
468,4565,32,16,1569,853,534,436,854,335
469,4581,28,15,1571,860,534,437,856,336
470,4594,29,18,1574,860,532,440,859,340
471,4605,22,21,1579,861,531,439,859,337
472,4606,25,15,1588,862,531,439,862,334
473,4616,32,17,1593,866,530,439,867,336
474,4631,31,18,1596,871,530,442,868,337
475,4644,26,15,1598,876,534,442,871,334
476,4655,39,21,1606,883,534,440,873,337
477,4673,26,12,1605,885,540,441,877,339
478,4687,26,18,1609,887,537,445,879,338
479,4695,23,19,1607,888,536,448,879,341
480,4699,28,14,1610,893,538,451,879,342
481,4713,26,23,1610,893,539,451,882,341
482,4716,27,19,1616,897,540,448,880,343
483,4724,17,19,1613,895,539,449,884,342
484,4722,33,15,1623,895,539,451,887,345
485,4740,25,24,1624,896,541,446,889,345
486,4741,23,18,1629,898,542,445,888,344
487,4746,24,15,1631,906,542,446,885,345
488,4755,28,21,1635,911,541,449,883,343
489,4762,24,18,1636,909,542,453,883,345
490,4768,24,14,1642,916,543,454,879,344
491,4778,21,17,1639,916,542,457,882,346
492,4782,26,18,1640,917,538,458,885,352
493,4790,33,10,1646,919,542,461,889,356
494,4813,24,21,1644,918,545,463,890,356
495,4816,24,16,1647,918,543,464,896,356
496,4824,27,12,1652,922,543,465,897,360
497,4839,32,22,1655,923,544,468,900,359
498,4849,19,19,1656,923,542,466,903,359
499,4849,25,17,1663,925,544,464,901,360
500,4857,33,12,1669,928,548,468,902,363
501,4878,19,19,1671,931,546,468,900,362
502,4878,23,19,1678,932,542,467,902,361
503,4882,34,16,1684,932,544,467,910,363
504,4900,32,18,1689,941,543,466,908,367
505,4914,36,20,1699,944,545,466,909,367
506,4930,20,17,1700,942,546,467,909,369
507,4933,29,14,1706,945,543,468,914,372
508,4948,29,19,1712,945,542,467,918,374
509,4958,24,15,1718,947,545,466,918,373
510,4967,26,20,1724,946,545,465,917,376
511,4973,24,22,1726,947,543,463,920,376
512,4975,29,12,1732,953,544,463,921,379
513,4992,29,21,1736,955,546,466,920,377
514,5000,19,19,1739,952,546,463,926,374
515,5000,32,20,1742,956,545,465,930,374
516,5012,23,18,1745,955,543,468,931,375
517,5017,24,12,1744,959,541,468,939,378
518,5029,31,17,1754,955,543,467,943,381
519,5043,24,12,1758,956,541,469,948,383
520,5055,29,18,1766,953,544,468,953,382
521,5066,18,15,1763,955,545,469,953,384
522,5069,27,22,1759,961,546,469,953,386
523,5074,18,22,1754,959,546,468,956,387
524,5070,35,8,1763,962,545,470,964,393
525,5097,39,21,1774,965,547,470,966,393
526,5115,23,19,1778,963,549,470,967,392
527,5119,18,16,1775,965,549,470,968,394
528,5121,21,14,1781,964,551,470,968,394
529,5128,28,23,1783,964,553,469,969,395
530,5133,27,15,1788,969,551,468,972,397
531,5145,33,19,1791,972,553,468,979,396
532,5159,36,18,1795,978,554,468,987,395
533,5177,25,16,1802,980,553,469,984,398
534,5186,31,22,1807,985,552,468,987,396
535,5195,21,20,1809,984,555,463,988,397
536,5196,28,16,1819,991,554,459,988,397
537,5208,28,16,1823,993,554,460,990,400
538,5220,27,16,1824,997,557,460,990,403
539,5231,32,20,1827,998,558,461,994,405
540,5243,20,30,1824,995,555,459,993,407
541,5233,34,23,1832,995,551,461,994,411
542,5244,31,26,1835,999,551,458,993,413
543,5249,35,16,1842,1004,551,456,1001,414
544,5268,25,21,1841,1005,553,455,1003,415
545,5272,40,19,1846,1012,551,456,1013,415
546,5293,25,19,1853,1013,549,456,1010,418
547,5299,29,14,1859,1014,553,456,1013,419
548,5314,27,10,1860,1016,555,458,1017,425
549,5331,33,18,1866,1015,558,458,1026,423
550,5346,37,21,1874,1016,557,460,1029,426
551,5362,28,14,1879,1023,556,458,1035,425
552,5376,29,21,1882,1023,554,461,1039,425
553,5384,31,18,1892,1027,552,460,1038,428
554,5397,22,13,1895,1028,554,457,1044,428
555,5406,27,15,1904,1024,555,459,1047,429
556,5418,28,23,1913,1025,553,458,1046,428
557,5423,31,15,1925,1026,550,457,1053,428
558,5439,34,26,1923,1029,549,459,1059,428
559,5447,29,19,1931,1029,549,458,1063,427
560,5457,26,15,1934,1031,547,458,1069,429
561,5468,29,23,1941,1033,546,459,1066,429
562,5474,29,17,1950,1031,549,456,1067,433
563,5486,23,23,1950,1034,546,455,1068,433
564,5486,31,14,1961,1036,548,454,1071,433
565,5503,36,17,1970,1036,552,450,1080,434
566,5522,31,28,1977,1031,551,448,1082,436
567,5525,31,17,1977,1033,554,450,1087,438
568,5539,31,33,1980,1032,554,448,1085,438
569,5537,36,23,1985,1030,556,445,1096,438
570,5550,35,16,1988,1033,561,447,1103,437
571,5569,22,11,1992,1035,559,448,1107,439
572,5580,28,20,1997,1038,557,449,1111,436
573,5588,23,20,2004,1039,555,450,1109,434
574,5591,31,15,2016,1037,554,451,1112,437
575,5607,38,25,2018,1039,551,449,1116,447
576,5620,27,25,2024,1040,549,447,1115,447
577,5622,32,34,2025,1039,545,446,1121,444
578,5620,33,22,2030,1041,547,444,1120,449
579,5631,34,27,2031,1043,545,445,1126,448
580,5638,32,16,2039,1045,546,445,1127,452
581,5654,40,16,2049,1048,546,447,1135,453
582,5678,42,28,2053,1050,546,446,1143,454
583,5692,33,27,2058,1053,546,444,1144,453
584,5698,37,22,2066,1053,549,445,1150,450
585,5713,29,15,2067,1060,551,448,1151,450
586,5727,26,16,2071,1064,551,449,1150,452
587,5737,27,17,2078,1059,553,451,1152,454
588,5747,39,15,2084,1063,553,450,1165,456
589,5771,31,22,2095,1061,555,449,1164,456
590,5780,27,19,2101,1062,554,450,1166,455
591,5788,21,23,2101,1062,555,449,1164,455
592,5786,19,16,2102,1065,553,450,1164,455
593,5789,38,14,2110,1070,557,451,1169,456
594,5813,31,20,2119,1069,551,451,1175,459
595,5824,30,20,2125,1072,555,450,1173,459
596,5834,42,25,2137,1074,553,451,1175,461
597,5851,39,20,2139,1076,557,452,1182,464
598,5870,35,24,2140,1073,559,450,1193,466
599,5881,30,27,2141,1075,558,449,1197,464
600,5884,31,20,2136,1077,561,450,1202,469
601,5895,39,24,2143,1079,562,453,1206,467
602,5910,45,38,2152,1079,562,450,1207,467
603,5917,31,19,2156,1080,565,450,1208,470
604,5929,38,21,2158,1088,566,450,1212,472
605,5946,37,24,2157,1093,567,452,1220,470
606,5959,45,34,2166,1096,567,452,1219,470
607,5970,42,20,2171,1098,568,454,1231,470
608,5992,27,21,2177,1096,565,456,1232,472
609,5998,40,13,2187,1101,567,456,1237,477
610,6025,36,27,2183,1105,568,454,1246,478
611,6034,40,15,2197,1104,570,456,1251,481
612,6059,24,17,2201,1107,568,454,1255,481
613,6066,31,14,2209,1108,568,455,1257,486
614,6083,34,26,2206,1111,569,455,1261,489
615,6091,32,29,2208,1112,572,454,1255,493
616,6094,28,24,2203,1117,572,454,1255,497
617,6098,33,29,2205,1114,573,453,1263,494
618,6102,40,24,2212,1120,573,451,1269,493
619,6118,36,30,2217,1123,572,457,1262,493
620,6124,27,22,2218,1116,573,459,1271,492
621,6129,39,22,2220,1124,573,460,1277,492
622,6146,35,24,2218,1132,570,463,1279,495
623,6157,26,28,2215,1131,571,463,1281,494
624,6155,30,24,2216,1128,572,465,1285,495
625,6161,43,23,2221,1130,570,468,1292,500
626,6181,41,25,2224,1135,572,468,1296,502
627,6197,40,31,2232,1136,569,467,1299,503
628,6206,38,29,2234,1139,572,467,1298,505
629,6215,39,26,2240,1144,572,468,1300,504
630,6228,39,37,2234,1143,572,471,1302,508
631,6230,21,28,2229,1142,572,469,1308,503
632,6223,35,23,2235,1137,573,469,1315,506
633,6235,30,23,2245,1140,572,468,1312,505
634,6242,30,21,2241,1140,574,469,1319,508
635,6251,27,23,2242,1142,577,470,1318,506
636,6255,26,23,2236,1145,574,470,1322,511
637,6258,33,19,2240,1148,576,473,1325,510
638,6272,37,11,2245,1158,578,473,1333,511
639,6298,32,22,2249,1161,580,473,1331,514
640,6308,31,37,2248,1165,581,471,1323,514
641,6302,26,18,2245,1166,581,468,1335,515
642,6310,42,20,2257,1171,585,469,1334,516
643,6332,32,25,2260,1174,580,474,1332,519
644,6339,38,19,2268,1177,582,470,1340,521
645,6358,32,37,2264,1177,582,472,1336,522
646,6353,36,26,2266,1177,584,471,1336,529
647,6363,33,18,2270,1186,585,468,1341,528
648,6378,34,28,2273,1189,588,467,1338,529
649,6384,25,24,2280,1188,583,469,1336,529
650,6385,26,21,2279,1187,586,469,1339,530
651,6390,28,27,2283,1183,585,468,1341,531
652,6391,27,21,2283,1184,582,468,1346,534
653,6397,41,25,2291,1186,582,469,1351,534
654,6413,40,17,2300,1194,582,473,1354,533
655,6436,39,31,2307,1192,584,469,1358,534
656,6444,36,25,2311,1193,581,471,1364,535
657,6455,28,22,2311,1196,581,471,1366,536
658,6461,37,13,2316,1199,584,473,1376,537
659,6485,32,24,2318,1206,583,473,1375,538
660,6493,26,22,2318,1204,585,471,1380,539
661,6497,35,28,2319,1208,586,469,1382,540
662,6504,30,29,2322,1210,585,469,1378,541
663,6505,32,26,2330,1209,587,469,1375,541
664,6511,41,23,2333,1219,586,469,1381,541
665,6529,27,15,2340,1226,588,469,1379,539
666,6541,35,16,2345,1227,591,472,1384,541
667,6560,31,24,2340,1231,590,473,1391,542
668,6567,35,17,2341,1242,588,472,1397,545
669,6585,28,26,2340,1243,590,471,1397,546
670,6587,37,22,2343,1246,594,471,1404,544
671,6602,47,22,2352,1251,596,472,1406,550
672,6627,46,23,2362,1253,596,472,1416,551
673,6650,22,31,2355,1254,597,470,1416,549
674,6641,35,25,2361,1253,596,465,1423,553
675,6651,44,35,2365,1256,595,464,1426,554
676,6660,36,24,2363,1255,598,464,1435,557
677,6672,31,20,2368,1262,595,464,1438,556
678,6683,34,31,2366,1266,593,466,1438,557
679,6686,34,22,2367,1267,590,465,1447,562
680,6698,39,13,2375,1274,591,468,1453,563
681,6724,32,31,2377,1270,591,470,1455,562
682,6725,44,21,2389,1274,593,467,1462,563
683,6748,35,30,2392,1272,596,467,1462,564
684,6753,30,22,2394,1281,593,468,1460,565
685,6761,37,28,2396,1278,595,470,1468,563
686,6770,27,27,2397,1278,592,467,1470,566
687,6770,59,19,2406,1293,595,473,1476,567
688,6810,40,26,2409,1295,595,470,1489,566
689,6824,29,26,2406,1303,593,468,1491,566
690,6827,38,31,2407,1303,590,467,1498,569
691,6834,27,30,2402,1306,588,465,1499,571
692,6831,35,18,2400,1309,596,467,1503,573
693,6848,30,26,2404,1315,596,465,1497,575
694,6852,29,17,2411,1315,594,463,1506,575
695,6864,36,23,2417,1317,595,464,1509,575
696,6877,38,27,2413,1323,600,464,1514,574
697,6888,32,30,2417,1328,595,462,1515,573
698,6890,36,26,2418,1329,596,461,1521,575
699,6900,39,32,2421,1332,597,462,1520,575
700,6907,28,19,2424,1333,594,465,1524,576
701,6916,43,27,2433,1339,594,462,1526,578
702,6932,33,27,2432,1337,594,464,1531,580
703,6938,32,32,2425,1338,595,463,1538,579
704,6938,36,26,2430,1339,596,464,1541,578
705,6948,24,22,2432,1339,595,466,1541,577
706,6950,38,14,2439,1346,597,468,1542,582
707,6974,24,20,2437,1348,595,470,1543,585
708,6978,41,21,2444,1350,598,472,1548,586
709,6998,35,28,2447,1353,595,470,1552,588
710,7005,27,33,2450,1351,596,470,1545,587
711,6999,22,21,2456,1352,594,467,1545,586
712,7000,48,29,2462,1360,597,469,1546,585
713,7019,35,30,2466,1361,596,468,1549,584
714,7024,52,25,2473,1365,597,473,1554,589
715,7051,38,26,2468,1373,601,475,1556,590
716,7063,49,38,2479,1371,600,474,1562,588
717,7074,31,26,2482,1374,602,473,1558,590
718,7079,32,28,2489,1375,601,475,1553,590
719,7083,34,31,2487,1377,600,475,1555,592
720,7086,39,23,2491,1379,602,474,1560,596
721,7102,30,25,2494,1380,602,475,1563,593
722,7107,34,36,2499,1377,598,475,1566,590
723,7105,45,31,2504,1384,595,475,1567,594
724,7119,30,34,2502,1381,591,474,1569,598
725,7115,30,24,2498,1387,588,473,1573,602
726,7121,30,24,2499,1387,587,473,1575,606
727,7127,39,30,2505,1393,584,474,1575,605
728,7136,40,36,2502,1394,585,475,1576,608
729,7140,25,26,2496,1397,584,475,1576,611
730,7139,39,22,2498,1398,586,476,1583,615
731,7156,34,27,2506,1401,586,472,1583,615
732,7163,37,25,2514,1399,587,472,1591,612
733,7175,34,26,2514,1402,587,473,1594,613
734,7183,32,23,2517,1403,589,476,1591,616
735,7192,38,29,2530,1408,586,476,1586,615
736,7201,46,35,2532,1413,587,476,1593,611
737,7212,34,25,2536,1415,587,475,1595,613
738,7221,34,27,2539,1416,587,475,1597,614
739,7228,32,22,2546,1412,588,474,1600,618
740,7238,35,26,2546,1416,589,473,1604,619
741,7247,43,24,2553,1420,592,473,1607,621
742,7266,35,24,2557,1425,590,472,1610,623
743,7277,40,25,2563,1425,593,472,1616,623
744,7292,34,14,2569,1428,593,473,1626,623
745,7312,38,20,2574,1429,598,473,1629,627
746,7330,36,27,2578,1433,598,474,1629,627
747,7339,23,33,2575,1430,598,473,1624,629
748,7329,34,29,2580,1428,599,473,1625,629
749,7334,38,24,2581,1432,603,472,1629,631
750,7348,40,24,2584,1443,602,474,1630,631
751,7364,37,28,2589,1445,605,475,1628,631
752,7373,43,30,2593,1443,607,476,1636,631
753,7386,38,29,2591,1448,607,478,1638,633
754,7395,42,17,2601,1456,606,481,1641,635
755,7420,32,32,2601,1455,607,477,1643,637
756,7420,32,23,2600,1457,612,475,1648,637
757,7429,37,26,2609,1454,610,474,1654,639
758,7440,33,30,2609,1456,609,470,1660,639
759,7443,48,33,2613,1467,611,467,1660,640
760,7458,29,31,2612,1467,613,465,1661,638
761,7456,39,21,2619,1475,612,464,1667,637
762,7474,37,28,2633,1473,615,463,1664,635
763,7483,40,37,2639,1470,615,461,1668,633
764,7486,32,22,2648,1470,614,458,1672,634
765,7496,29,33,2649,1470,612,459,1668,634
766,7492,30,21,2649,1476,610,459,1671,636
767,7501,40,34,2658,1477,612,456,1669,635
768,7507,42,26,2660,1483,619,456,1668,637
769,7523,38,21,2671,1486,617,457,1670,639
770,7540,41,18,2682,1487,621,455,1676,642
771,7563,41,23,2690,1488,618,454,1686,645
772,7581,29,28,2689,1488,620,455,1685,645
773,7582,31,29,2692,1491,619,452,1686,644
774,7584,34,21,2696,1493,619,452,1689,648
775,7597,40,31,2700,1493,621,451,1691,650
776,7606,38,35,2706,1490,620,451,1691,651
777,7609,46,31,2715,1496,619,451,1690,653
778,7624,31,27,2717,1501,619,449,1688,654
779,7628,40,39,2716,1495,618,452,1694,654
780,7629,28,25,2718,1499,618,449,1696,652
781,7632,41,30,2722,1505,618,452,1695,651
782,7643,38,30,2725,1507,619,451,1697,652
783,7651,41,44,2726,1504,621,449,1691,657
784,7648,41,34,2724,1511,622,450,1691,657
785,7655,40,27,2735,1515,622,450,1687,659
786,7668,41,30,2741,1515,623,451,1685,664
787,7679,43,26,2746,1516,625,451,1687,671
788,7696,35,34,2744,1520,624,452,1689,668
789,7697,33,26,2745,1521,625,452,1695,666
790,7704,37,16,2752,1524,624,453,1703,669
791,7725,43,24,2758,1530,626,455,1704,671
792,7744,42,36,2757,1532,628,456,1704,673
793,7750,44,32,2759,1535,627,457,1709,675
794,7762,37,33,2754,1537,627,457,1715,676
795,7766,47,26,2762,1538,628,456,1724,679
796,7787,36,34,2756,1543,630,455,1725,680
797,7789,36,34,2760,1541,631,456,1725,678
798,7791,41,34,2765,1541,631,454,1725,682
799,7798,44,21,2771,1548,633,455,1727,687
800,7821,38,36,2768,1548,634,456,1727,690
801,7823,41,27,2768,1551,636,458,1733,691
802,7837,43,32,2778,1553,633,458,1733,693
803,7848,53,39,2780,1554,640,461,1731,696
804,7862,45,39,2780,1561,638,464,1729,696
805,7868,45,38,2779,1556,640,464,1735,701
806,7875,38,30,2779,1561,637,466,1735,705
807,7883,41,40,2777,1558,637,468,1737,707
808,7884,35,31,2783,1558,639,464,1737,707
809,7888,35,26,2780,1567,638,466,1737,709
810,7897,37,30,2787,1565,638,467,1743,704
811,7904,33,28,2790,1562,640,467,1745,705
812,7909,37,23,2791,1567,642,467,1745,711
813,7923,44,31,2798,1569,645,467,1747,710
814,7936,44,28,2802,1575,649,467,1750,709
815,7952,30,30,2805,1573,648,468,1748,710
816,7952,47,34,2807,1573,652,471,1750,712
817,7965,38,29,2809,1582,652,470,1752,709
818,7974,31,31,2804,1578,655,471,1755,711
819,7974,39,27,2811,1581,655,470,1758,711
820,7986,37,33,2806,1582,658,470,1757,717
821,7990,32,29,2805,1583,656,473,1758,718
822,7993,42,33,2805,1585,661,472,1756,723
823,8002,32,30,2807,1587,657,474,1758,721
824,8004,35,32,2807,1589,658,475,1757,721
825,8007,36,20,2807,1596,661,478,1759,722
826,8023,44,30,2811,1593,664,478,1761,730
827,8037,48,26,2816,1599,672,477,1761,734
828,8059,35,25,2811,1604,673,478,1769,734
829,8069,41,19,2825,1605,675,476,1772,738
830,8091,39,24,2819,1613,677,478,1780,739
831,8106,37,35,2813,1615,680,479,1783,738
832,8108,53,33,2816,1619,685,477,1791,740
833,8128,50,34,2815,1623,688,477,1800,741
834,8144,31,33,2816,1623,687,478,1799,739
835,8142,32,25,2821,1622,684,477,1803,742
836,8149,33,37,2809,1622,684,479,1809,742
837,8145,30,26,2804,1624,686,479,1806,750
838,8149,40,31,2807,1626,687,482,1812,744
839,8158,28,29,2807,1632,685,483,1810,740
840,8157,26,18,2811,1631,683,487,1809,744
841,8165,46,24,2811,1641,685,487,1818,745
842,8187,50,31,2815,1642,687,488,1825,749
843,8206,34,33,2814,1654,683,485,1823,748
844,8207,37,34,2808,1658,688,483,1824,749
845,8210,35,24,2809,1662,689,484,1827,750
846,8221,42,27,2825,1664,692,483,1823,749
847,8236,47,28,2823,1673,693,486,1827,753
848,8255,50,34,2827,1677,696,484,1829,758
849,8271,42,27,2830,1684,698,484,1830,760
850,8286,39,37,2828,1684,704,484,1828,760
851,8288,32,32,2825,1683,703,485,1831,761
852,8288,38,33,2824,1687,701,486,1829,766
853,8293,33,28,2825,1687,703,486,1830,767
854,8298,29,37,2816,1680,704,488,1833,769
855,8290,31,37,2817,1678,699,488,1831,771
856,8284,39,23,2825,1679,699,487,1835,775
857,8300,33,21,2826,1684,698,490,1836,778
858,8312,36,26,2830,1685,702,492,1835,778
859,8322,54,28,2836,1697,702,495,1835,783
860,8348,43,35,2838,1695,707,496,1838,782
861,8356,42,38,2841,1699,706,494,1839,781
862,8360,43,27,2841,1704,709,493,1837,792
863,8376,45,31,2849,1709,715,495,1829,793
864,8390,40,30,2850,1711,718,491,1831,799
865,8400,44,34,2846,1717,717,492,1835,803
866,8410,37,29,2847,1720,719,491,1833,808
867,8418,48,25,2853,1725,720,495,1842,806
868,8441,36,33,2850,1723,720,495,1843,813
869,8444,49,33,2854,1729,724,495,1845,813
870,8460,30,23,2860,1735,724,493,1843,812
871,8467,47,36,2861,1740,724,491,1851,811
872,8478,45,39,2860,1743,729,488,1856,808
873,8484,48,38,2860,1746,729,489,1862,808
874,8494,45,36,2850,1755,731,491,1869,807
875,8503,48,37,2848,1756,731,493,1871,815
876,8514,44,26,2861,1756,732,492,1876,815
877,8532,41,29,2862,1759,734,491,1880,818
878,8544,33,32,2868,1759,732,490,1878,818
879,8545,42,33,2872,1766,731,489,1877,819
880,8554,48,37,2873,1766,724,491,1882,829
881,8565,41,29,2871,1767,726,490,1891,832
882,8577,36,37,2859,1770,724,490,1895,838
883,8576,32,26,2865,1770,726,490,1898,833
884,8582,41,29,2870,1773,729,489,1898,835
885,8594,33,22,2874,1777,729,488,1897,840
886,8605,38,34,2870,1783,731,488,1902,835
887,8609,50,30,2881,1783,730,489,1906,840
888,8629,37,31,2884,1783,734,490,1904,840
889,8635,42,29,2885,1783,739,492,1904,845
890,8648,40,31,2886,1787,741,488,1911,844
891,8657,52,37,2887,1793,738,490,1912,852
892,8672,49,29,2888,1800,738,492,1915,859
893,8692,43,42,2890,1799,732,490,1920,862
894,8693,51,32,2894,1802,737,489,1926,864
895,8712,34,35,2892,1804,736,489,1924,866
896,8711,47,30,2891,1811,733,491,1931,871
897,8728,45,24,2896,1818,732,496,1934,873
898,8749,56,38,2899,1820,732,493,1947,876
899,8767,27,23,2901,1821,733,493,1948,875
900,8771,35,35,2901,1817,733,492,1945,883
901,8771,41,36,2904,1825,735,490,1937,885
902,8776,36,23,2910,1830,734,490,1939,886
903,8789,42,25,2914,1839,737,491,1941,884
904,8806,35,42,2915,1839,733,493,1940,879
905,8799,53,40,2918,1839,731,491,1949,884
906,8812,45,31,2915,1846,732,491,1955,887
907,8826,54,34,2914,1849,733,496,1958,896
908,8846,38,32,2916,1847,733,496,1961,899
909,8852,40,33,2912,1852,735,495,1964,901
910,8859,49,40,2911,1846,742,494,1968,907
911,8868,39,32,2904,1852,745,495,1972,907
912,8875,34,37,2897,1858,745,492,1976,904
913,8872,61,23,2907,1868,748,495,1985,907
914,8910,42,37,2901,1868,749,495,1988,914
915,8915,44,31,2905,1873,747,496,1996,911
916,8928,47,36,2917,1872,746,495,1997,912
917,8939,36,36,2918,1874,745,494,1998,910
918,8939,43,24,2921,1881,746,491,2005,914
919,8958,42,38,2920,1883,746,493,2004,916
920,8962,42,29,2920,1891,748,493,2007,916
921,8975,54,34,2919,1900,751,496,2007,922
922,8995,47,36,2925,1898,753,495,2011,924
923,9006,41,29,2926,1905,753,495,2013,926
924,9018,34,34,2931,1900,752,497,2011,927
925,9018,37,28,2933,1904,753,494,2012,931
926,9027,52,39,2934,1908,756,494,2016,932
927,9040,37,32,2934,1907,753,494,2027,930
928,9045,50,22,2941,1913,753,493,2036,937
929,9073,43,38,2945,1908,755,492,2040,938
930,9078,52,30,2945,1919,757,493,2049,937
931,9100,45,31,2944,1921,765,494,2052,938
932,9114,45,32,2951,1925,763,494,2054,940
933,9127,35,35,2949,1925,759,494,2058,942
934,9127,49,44,2951,1926,759,493,2060,943
935,9132,42,43,2945,1933,758,492,2063,940
936,9131,51,30,2949,1937,756,494,2069,947
937,9152,38,26,2948,1937,754,495,2081,949
938,9164,45,34,2959,1933,755,493,2087,948
939,9175,44,41,2957,1942,752,492,2085,950
940,9178,43,33,2958,1944,752,491,2092,951
941,9188,41,31,2960,1943,753,490,2094,958
942,9198,28,34,2952,1948,757,488,2094,953
943,9192,42,35,2951,1951,756,488,2103,950
944,9199,40,31,2959,1951,757,490,2104,947
945,9208,42,32,2960,1951,759,491,2109,948
946,9218,37,18,2967,1957,760,489,2114,950
947,9237,40,28,2965,1964,764,489,2115,952
948,9249,43,40,2965,1967,760,487,2119,954
949,9252,34,29,2962,1969,762,489,2122,953
950,9257,48,29,2971,1975,763,487,2124,956
951,9276,40,34,2965,1979,763,486,2128,961
952,9282,44,30,2973,1983,761,485,2133,961
953,9296,36,28,2978,1984,761,484,2135,962
954,9304,57,36,2976,1989,760,487,2144,969
955,9325,46,36,2976,1991,759,487,2150,972
956,9335,43,36,2976,1989,758,488,2157,974
957,9342,47,44,2976,1993,758,487,2156,975
958,9345,40,37,2976,1994,757,488,2155,978
959,9348,49,40,2986,1993,755,487,2158,978
960,9357,39,38,2984,1997,752,489,2161,975
961,9358,43,31,2989,1997,751,492,2162,979
962,9370,50,36,2993,1994,756,493,2166,982
963,9384,35,31,2999,1996,753,491,2169,980
964,9388,48,31,3006,1997,753,494,2173,982
965,9405,37,28,3013,1998,754,493,2174,982
966,9414,33,33,3009,2005,749,494,2179,978
967,9414,31,22,3010,2005,751,494,2181,982
968,9423,50,28,3017,2009,751,495,2185,988
969,9445,45,40,3013,2017,752,494,2189,985
970,9450,34,43,3009,2017,749,493,2188,985
971,9441,35,24,3015,2017,749,493,2188,990
972,9452,44,35,3025,2019,745,495,2194,983
973,9461,46,37,3031,2022,745,492,2197,983
974,9470,34,39,3035,2021,743,490,2193,983
975,9465,38,28,3037,2023,745,492,2196,982
976,9475,44,29,3041,2031,748,492,2199,979
977,9490,53,35,3044,2037,749,493,2203,982
978,9508,40,54,3051,2026,748,492,2196,981
979,9494,46,34,3052,2033,750,491,2198,982
980,9506,43,41,3056,2032,750,492,2199,979
981,9508,54,33,3063,2031,748,494,2210,983
982,9529,42,39,3065,2035,750,495,2206,981
983,9532,46,32,3069,2042,754,494,2210,977
984,9546,48,40,3068,2049,751,495,2211,980
985,9554,30,33,3069,2041,753,494,2216,978
986,9551,49,31,3075,2044,751,493,2223,983
987,9569,36,35,3068,2039,755,497,2225,986
988,9570,42,36,3069,2044,753,495,2229,986
989,9576,36,35,3065,2046,750,495,2236,985
990,9577,43,40,3057,2048,750,498,2240,987
991,9580,44,27,3068,2056,747,499,2240,987
992,9597,45,35,3064,2063,749,501,2245,985
993,9607,30,29,3067,2065,748,498,2246,984
994,9608,42,33,3066,2072,748,498,2243,990
995,9617,44,39,3069,2070,745,497,2252,989
996,9622,49,40,3076,2066,746,498,2255,990
997,9631,43,42,3070,2062,748,500,2259,993
998,9632,38,31,3070,2064,753,501,2260,991
999,9639,52,36,3075,2067,756,502,2262,993
1000,9655,39,30,3083,2073,755,500,2261,992
1001,9664,42,35,3091,2074,752,502,2259,993
1002,9671,44,40,3092,2071,751,503,2262,996
1003,9675,54,35,3098,2081,751,506,2261,997
1004,9694,35,35,3092,2085,753,504,2262,998
1005,9694,38,43,3095,2086,752,505,2261,990
1006,9689,37,38,3095,2083,752,505,2258,995
1007,9688,46,34,3099,2087,752,505,2264,993
1008,9700,51,23,3107,2093,753,505,2274,996
1009,9728,45,30,3111,2096,758,504,2278,996
1010,9743,48,28,3116,2102,753,505,2283,1004
1011,9763,38,37,3108,2105,756,504,2286,1005
1012,9764,35,34,3106,2109,755,502,2286,1007
1013,9765,47,38,3103,2112,758,502,2292,1007
1014,9774,44,41,3095,2117,760,504,2294,1007
1015,9777,41,28,3102,2118,756,502,2301,1011
1016,9790,44,35,3103,2129,755,503,2299,1010
1017,9799,33,44,3097,2131,754,499,2295,1012
1018,9788,39,33,3106,2128,752,497,2296,1015
1019,9794,41,37,3101,2134,750,498,2298,1017
1020,9798,39,32,3100,2142,751,501,2296,1015
1021,9805,39,29,3103,2141,751,502,2298,1020
1022,9815,39,43,3107,2145,750,497,2290,1022
1023,9811,32,29,3112,2140,747,496,2295,1024
1024,9814,47,33,3114,2145,751,496,2295,1027
1025,9828,43,33,3122,2149,753,496,2294,1024
1026,9838,27,33,3114,2152,753,498,2294,1021
1027,9832,48,31,3125,2148,751,497,2301,1027
1028,9849,38,34,3127,2148,751,496,2301,1030
1029,9853,40,34,3127,2149,753,497,2303,1030
1030,9859,44,25,3134,2156,752,499,2304,1033
1031,9878,31,45,3132,2151,749,499,2302,1031
1032,9864,29,28,3136,2154,750,504,2294,1027
1033,9865,45,34,3141,2159,745,504,2296,1031
1034,9876,36,41,3136,2168,748,503,2290,1026
1035,9871,35,35,3135,2171,744,500,2289,1032
1036,9871,46,38,3137,2172,743,499,2297,1031
1037,9879,52,22,3142,2180,745,497,2302,1043
1038,9909,39,33,3144,2179,742,498,2304,1048
1039,9915,37,38,3141,2183,741,497,2304,1048
1040,9914,27,41,3143,2184,731,498,2302,1042
1041,9900,36,28,3146,2184,732,496,2304,1046
1042,9908,43,30,3143,2196,731,499,2307,1045
1043,9921,38,35,3142,2198,730,498,2308,1048
1044,9924,40,27,3141,2203,731,496,2315,1051
1045,9937,49,25,3143,2211,733,495,2323,1056
1046,9961,32,44,3142,2204,737,493,2321,1052
1047,9949,50,39,3149,2204,735,494,2317,1061
1048,9960,51,43,3152,2207,733,492,2324,1060
1049,9968,36,33,3154,2206,733,490,2325,1063
1050,9971,32,34,3151,2207,732,490,2323,1066
1051,9969,41,37,3151,2210,734,488,2322,1068
1052,9973,33,48,3142,2209,734,489,2319,1065
1053,9958,53,37,3144,2218,736,487,2324,1065
1054,9974,33,41,3141,2221,735,487,2320,1062
1055,9966,36,38,3133,2224,738,487,2324,1058
1056,9964,31,40,3134,2219,738,487,2324,1053
1057,9955,39,30,3136,2226,740,488,2321,1053
1058,9964,41,33,3134,2234,737,487,2327,1053
1059,9972,43,51,3134,2235,740,487,2319,1049
1060,9964,48,29,3142,2244,739,489,2322,1047
1061,9983,31,37,3140,2244,735,487,2320,1051
1062,9977,39,34,3141,2244,735,487,2325,1050
1063,9982,35,39,3139,2244,732,488,2323,1052
1064,9978,39,30,3139,2249,728,485,2329,1057
1065,9987,45,28,3153,2244,729,487,2331,1060
1066,10004,42,35,3153,2251,731,488,2334,1054
1067,10011,40,37,3151,2253,733,484,2339,1054
1068,10014,35,40,3150,2254,731,485,2334,1055
1069,10009,38,37,3153,2250,729,488,2336,1054
1070,10010,43,29,3157,2255,725,490,2341,1056
1071,10024,30,34,3151,2255,726,490,2343,1055
1072,10020,51,36,3158,2267,724,490,2343,1053
1073,10035,33,47,3144,2265,724,490,2345,1053
1074,10021,29,35,3145,2264,724,492,2336,1054
1075,10015,39,30,3148,2262,726,487,2339,1062
1076,10024,35,33,3152,2263,725,489,2338,1059
1077,10026,44,39,3146,2263,726,489,2339,1068
1078,10031,38,41,3152,2262,727,484,2334,1069
1079,10028,33,48,3145,2259,728,483,2329,1069
1080,10013,39,39,3149,2266,727,481,2320,1070
1081,10013,46,33,3152,2267,726,482,2328,1071
1082,10026,38,47,3150,2261,726,480,2330,1070
1083,10017,30,36,3142,2268,726,479,2328,1068
1084,10011,41,38,3147,2270,722,478,2328,1069
1085,10014,43,32,3154,2271,723,476,2328,1073
1086,10025,39,34,3156,2271,725,476,2329,1073
1087,10030,29,38,3147,2270,728,476,2329,1071
1088,10021,31,34,3142,2271,729,474,2331,1071
1089,10018,36,47,3143,2266,725,473,2333,1067
1090,10007,46,38,3142,2266,725,472,2339,1071
1091,10015,37,41,3136,2269,726,472,2333,1075
1092,10011,47,40,3134,2267,728,471,2346,1072
1093,10018,33,40,3133,2263,731,471,2342,1071
1094,10011,33,44,3127,2259,733,470,2342,1069
1095,10000,48,38,3137,2257,736,470,2339,1071
1096,10010,44,35,3138,2259,736,472,2342,1072
1097,10019,44,48,3134,2255,736,470,2348,1072
1098,10015,43,26,3142,2257,738,470,2348,1077
1099,10032,39,44,3134,2261,736,471,2351,1074
1100,10027,30,26,3136,2258,738,474,2349,1076
1101,10031,42,36,3133,2260,739,472,2356,1077
1102,10037,30,47,3124,2264,735,469,2357,1071
1103,10020,28,42,3122,2261,731,467,2353,1072
1104,10006,55,42,3133,2259,732,467,2352,1076
1105,10019,47,36,3136,2259,735,467,2352,1081
1106,10030,34,26,3141,2263,736,469,2348,1081
1107,10038,45,39,3141,2263,734,469,2351,1086
1108,10044,39,38,3143,2259,734,469,2355,1085
1109,10045,42,40,3149,2260,733,470,2353,1082
1110,10047,45,25,3150,2264,736,469,2362,1086
1111,10067,45,28,3152,2269,738,472,2362,1091
1112,10084,37,32,3149,2273,740,473,2362,1092
1113,10089,33,39,3149,2270,738,472,2361,1093
1114,10083,45,32,3145,2274,743,471,2366,1097
1115,10096,49,48,3147,2280,739,465,2369,1097
1116,10097,45,33,3152,2285,744,464,2367,1097
1117,10109,46,45,3153,2284,740,463,2370,1100
1118,10110,39,36,3159,2284,741,463,2365,1101
1119,10113,39,38,3159,2283,741,463,2370,1098
1120,10114,35,29,3161,2287,743,459,2371,1099
1121,10120,40,36,3163,2287,742,462,2372,1098
1122,10124,55,31,3173,2293,742,464,2377,1099
1123,10148,43,42,3172,2293,744,465,2378,1097
1124,10149,37,37,3174,2298,743,461,2374,1099
1125,10149,45,31,3183,2304,743,463,2374,1096
1126,10163,47,44,3184,2302,744,461,2373,1102
1127,10166,31,51,3176,2294,744,461,2375,1096
1128,10146,38,28,3182,2296,743,461,2374,1100
1129,10156,39,42,3181,2294,744,463,2376,1095
1130,10153,36,43,3188,2292,739,461,2369,1097
1131,10146,34,32,3192,2295,741,459,2364,1097
1132,10148,45,43,3187,2299,738,460,2371,1095
1133,10150,40,28,3192,2306,738,459,2369,1098
1134,10162,41,29,3195,2314,738,461,2367,1099
1135,10174,38,35,3199,2310,740,458,2374,1096
1136,10177,39,40,3201,2311,739,459,2377,1089
1137,10176,54,31,3211,2312,742,460,2378,1096
1138,10199,43,45,3205,2309,740,461,2383,1099
1139,10197,38,35,3201,2311,740,462,2380,1106
1140,10200,40,24,3207,2312,739,463,2386,1109
1141,10216,50,48,3213,2315,740,462,2380,1108
1142,10218,40,41,3211,2315,742,461,2378,1110
1143,10217,31,35,3202,2319,744,465,2377,1106
1144,10213,34,37,3201,2320,743,464,2378,1104
1145,10210,35,39,3196,2319,739,466,2380,1106
1146,10206,41,30,3200,2324,740,467,2381,1105
1147,10217,45,28,3206,2324,742,470,2382,1110
1148,10234,40,31,3208,2332,744,470,2384,1105
1149,10243,35,33,3210,2332,744,469,2387,1103
1150,10245,34,27,3212,2334,744,471,2389,1102
1151,10252,38,34,3213,2337,744,471,2388,1103
1152,10256,36,37,3216,2331,745,472,2388,1103
1153,10255,29,31,3218,2329,746,472,2384,1104
1154,10253,42,41,3215,2336,744,473,2384,1102
1155,10254,44,32,3222,2336,743,476,2389,1100
1156,10266,39,32,3228,2335,744,475,2390,1101
1157,10273,50,42,3229,2333,748,472,2399,1100
1158,10281,28,48,3224,2324,748,474,2393,1098
1159,10261,33,48,3219,2322,747,471,2395,1092
1160,10246,36,42,3211,2330,745,471,2393,1090
1161,10240,33,38,3208,2334,741,470,2398,1084
1162,10235,41,34,3205,2340,739,469,2405,1084
1163,10242,41,36,3203,2344,740,470,2404,1086
1164,10247,51,32,3211,2354,742,470,2406,1083
1165,10266,44,50,3213,2348,742,471,2402,1084
1166,10260,47,33,3213,2351,747,471,2407,1085
1167,10274,43,52,3212,2348,745,472,2406,1082
1168,10265,31,33,3211,2350,742,473,2406,1081
1169,10263,29,34,3214,2347,741,472,2404,1080
1170,10258,36,44,3211,2347,740,471,2401,1080
1171,10250,42,40,3203,2348,741,472,2405,1083
1172,10252,53,43,3210,2348,739,473,2409,1083
1173,10262,28,41,3205,2345,739,471,2412,1077
1174,10249,44,35,3212,2346,741,473,2409,1077
1175,10258,37,42,3207,2341,740,475,2410,1080
1176,10253,45,40,3209,2340,746,477,2410,1076
1177,10258,43,40,3206,2341,748,475,2413,1078
1178,10261,50,44,3210,2337,746,476,2418,1080
1179,10267,28,49,3198,2337,746,476,2414,1075
1180,10246,36,41,3198,2335,742,475,2416,1075
1181,10241,41,39,3198,2336,741,478,2417,1073
1182,10243,36,33,3206,2335,743,477,2417,1068
1183,10246,48,35,3202,2342,747,476,2424,1068
1184,10259,32,37,3207,2336,740,478,2426,1067
1185,10254,34,29,3207,2336,740,477,2433,1066
1186,10259,45,36,3207,2341,737,474,2442,1067
1187,10268,33,40,3203,2344,737,472,2436,1069
1188,10261,31,29,3207,2337,738,472,2440,1069
1189,10263,32,42,3210,2333,736,470,2436,1068
1190,10253,36,39,3210,2332,738,472,2430,1068
1191,10250,43,30,3211,2333,742,473,2432,1072
1192,10263,48,30,3214,2343,742,474,2435,1073
1193,10281,41,33,3210,2350,739,474,2438,1078
1194,10289,40,40,3212,2343,741,474,2444,1075
1195,10289,41,37,3225,2342,744,473,2438,1071
1196,10293,41,43,3225,2343,742,477,2435,1069
1197,10291,40,49,3221,2340,739,478,2434,1070
1198,10282,40,44,3224,2336,742,480,2431,1065
1199,10278,36,36,3223,2334,744,477,2434,1066
1200,10278,36,32,3227,2334,743,478,2434,1066
1201,10282,43,39,3234,2332,749,476,2431,1064
1202,10286,34,31,3232,2336,746,479,2431,1065
1203,10289,35,44,3224,2338,751,479,2424,1064
1204,10280,48,28,3226,2346,753,480,2429,1066
1205,10300,33,38,3216,2347,752,482,2433,1065
1206,10295,34,31,3217,2352,748,482,2430,1069
1207,10298,43,46,3220,2347,750,482,2428,1068
1208,10295,42,47,3216,2344,751,484,2428,1067
1209,10290,39,36,3213,2341,752,483,2427,1077
1210,10293,42,45,3219,2340,749,482,2428,1072
1211,10290,34,38,3220,2340,751,480,2420,1075
1212,10286,43,39,3220,2342,747,480,2421,1080
1213,10290,34,38,3220,2338,748,478,2427,1075
1214,10286,30,37,3215,2335,750,478,2429,1072
1215,10279,50,33,3216,2345,750,477,2433,1075
1216,10296,44,46,3211,2340,749,477,2433,1084
1217,10294,39,56,3201,2344,749,476,2424,1083
1218,10277,30,37,3204,2348,747,476,2415,1080
1219,10270,42,36,3206,2345,747,477,2417,1084
1220,10276,37,34,3200,2349,747,477,2421,1085
1221,10279,31,42,3204,2343,745,477,2421,1078
1222,10268,46,30,3205,2346,743,479,2428,1083
1223,10284,45,35,3204,2352,744,481,2427,1086
1224,10294,33,43,3204,2349,744,481,2423,1083
1225,10284,46,38,3200,2356,748,482,2425,1081
1226,10292,41,28,3203,2358,748,481,2429,1086
1227,10305,29,39,3193,2360,746,481,2433,1082
1228,10295,35,29,3198,2365,744,481,2428,1085
1229,10301,36,35,3201,2364,742,482,2430,1083
1230,10302,31,31,3201,2363,741,483,2427,1087
1231,10302,38,38,3205,2366,736,484,2423,1088
1232,10302,27,39,3207,2358,736,486,2416,1087
1233,10290,53,29,3221,2360,736,484,2423,1090
1234,10314,35,51,3217,2355,734,486,2417,1089
1235,10298,34,38,3215,2350,736,488,2420,1085
1236,10294,40,31,3209,2351,741,488,2426,1088
1237,10303,32,42,3206,2352,735,488,2424,1088
1238,10293,39,37,3206,2351,738,486,2424,1090
1239,10295,36,37,3198,2352,742,484,2428,1090
1240,10294,37,38,3201,2355,743,484,2422,1088
1241,10293,32,28,3205,2355,744,483,2424,1086
1242,10297,45,34,3215,2358,743,485,2421,1086
1243,10308,37,29,3218,2353,745,484,2428,1088
1244,10316,43,39,3216,2354,746,485,2428,1091
1245,10320,28,38,3210,2350,746,488,2430,1086
1246,10310,47,27,3217,2354,746,488,2435,1090
1247,10330,35,29,3211,2359,748,489,2439,1090
1248,10336,42,38,3217,2361,745,487,2437,1093
1249,10340,41,43,3222,2361,738,489,2436,1092
1250,10338,46,38,3221,2369,736,490,2441,1089
1251,10346,50,29,3225,2370,738,490,2449,1095
1252,10367,36,37,3223,2371,737,489,2450,1096
1253,10366,29,35,3219,2371,731,490,2448,1101
1254,10360,43,44,3211,2370,732,489,2456,1101
1255,10359,27,29,3211,2368,729,490,2456,1103
1256,10357,43,37,3212,2371,731,490,2458,1101
1257,10363,34,37,3210,2372,734,489,2454,1101
1258,10360,42,33,3209,2371,736,491,2460,1102
1259,10369,46,42,3206,2376,736,491,2460,1104
1260,10373,37,49,3201,2374,738,492,2455,1101
1261,10361,39,47,3206,2362,735,494,2451,1105
1262,10353,36,47,3199,2363,735,492,2448,1105
1263,10342,41,37,3198,2367,734,493,2447,1107
1264,10346,43,37,3199,2368,735,494,2452,1104
1265,10352,37,43,3200,2361,734,495,2448,1108
1266,10346,39,41,3202,2363,733,492,2446,1108
1267,10344,40,31,3203,2366,735,492,2450,1107
1268,10353,40,29,3198,2371,733,497,2455,1110
1269,10364,30,34,3195,2362,736,494,2456,1117
1270,10360,37,48,3191,2366,734,494,2448,1116
1271,10349,30,46,3184,2359,733,493,2451,1113
1272,10333,41,34,3184,2364,729,493,2452,1118
1273,10340,34,34,3181,2367,729,494,2453,1116
1274,10340,39,37,3184,2364,730,495,2456,1113
1275,10342,34,27,3184,2368,725,497,2460,1115
1276,10349,32,38,3179,2365,728,494,2464,1113
1277,10343,46,46,3181,2369,728,492,2465,1108
1278,10343,40,49,3177,2370,726,494,2460,1107
1279,10334,38,39,3177,2372,724,494,2454,1112
1280,10333,40,43,3180,2369,724,494,2454,1109
1281,10330,37,42,3178,2368,723,497,2450,1109
1282,10325,35,33,3177,2375,723,497,2448,1107
1283,10327,40,36,3180,2374,725,498,2449,1105
1284,10331,38,39,3176,2375,726,497,2447,1109
1285,10330,35,41,3163,2377,726,497,2451,1110
1286,10324,43,28,3164,2389,729,498,2449,1110
1287,10339,42,52,3159,2387,730,497,2446,1110
1288,10329,40,42,3162,2386,729,495,2445,1110
1289,10327,48,27,3166,2386,731,496,2456,1113
1290,10348,30,37,3166,2385,729,495,2459,1107
1291,10341,28,36,3158,2384,729,496,2457,1109
1292,10333,44,25,3161,2395,728,494,2463,1111
1293,10352,33,42,3155,2391,730,493,2462,1112
1294,10343,30,38,3156,2390,730,493,2457,1109
1295,10335,35,33,3153,2387,731,493,2461,1112
1296,10337,40,27,3158,2389,729,494,2466,1114
1297,10350,36,35,3157,2391,728,493,2467,1115
1298,10351,39,32,3159,2393,731,497,2467,1111
1299,10358,35,40,3157,2394,728,495,2467,1112
1300,10353,44,35,3155,2394,731,498,2475,1109
1301,10362,36,46,3152,2395,730,498,2470,1107
1302,10352,42,47,3147,2396,728,496,2470,1110
1303,10347,48,35,3153,2400,729,497,2470,1111
1304,10360,43,42,3149,2401,729,498,2472,1112
1305,10361,27,35,3147,2396,730,498,2470,1112
1306,10353,46,40,3148,2403,728,501,2471,1108
1307,10359,35,37,3147,2400,729,498,2475,1108
1308,10357,34,33,3146,2406,730,500,2474,1102
1309,10358,39,31,3152,2407,732,505,2467,1103
1310,10366,37,40,3153,2409,731,502,2465,1103
1311,10363,34,33,3153,2407,731,502,2464,1107
1312,10364,48,36,3152,2409,737,501,2467,1110
1313,10376,38,34,3141,2415,743,504,2468,1109
1314,10380,44,37,3148,2410,743,501,2472,1113
1315,10387,41,40,3149,2409,743,502,2470,1115
1316,10388,45,24,3152,2409,744,503,2480,1121
1317,10409,44,43,3155,2406,745,501,2479,1124
1318,10410,42,30,3163,2409,745,501,2481,1123
1319,10422,45,28,3168,2415,746,502,2487,1121
1320,10439,32,29,3167,2413,745,503,2491,1123
1321,10442,29,32,3162,2411,745,500,2498,1123
1322,10439,33,31,3165,2406,744,499,2500,1127
1323,10441,46,24,3178,2410,745,497,2504,1129
1324,10463,39,38,3172,2408,745,499,2509,1131
1325,10464,37,37,3173,2413,744,500,2504,1130
1326,10464,45,37,3175,2420,743,499,2505,1130
1327,10472,49,38,3181,2427,739,500,2508,1128
1328,10483,36,54,3178,2427,740,498,2493,1129
1329,10465,23,32,3171,2426,739,499,2494,1127
1330,10456,38,42,3174,2425,737,499,2491,1126
1331,10452,34,32,3173,2429,735,496,2495,1126
1332,10454,41,44,3166,2425,737,497,2499,1127
1333,10451,32,36,3166,2429,737,495,2498,1122
1334,10447,41,50,3165,2428,738,496,2490,1121
1335,10438,42,37,3165,2426,739,494,2495,1124
1336,10443,35,30,3164,2428,743,493,2494,1126
1337,10448,42,34,3168,2433,742,491,2495,1127
1338,10456,38,39,3168,2433,743,489,2495,1127
1339,10455,40,37,3172,2431,742,487,2495,1131
1340,10458,36,35,3175,2436,740,485,2491,1132
1341,10459,47,43,3182,2429,739,488,2490,1135
1342,10463,40,42,3181,2431,742,488,2488,1131
1343,10461,40,32,3184,2430,742,490,2488,1135
1344,10469,36,36,3186,2429,738,489,2493,1134
1345,10469,47,28,3192,2434,739,490,2493,1140
1346,10488,39,30,3190,2440,738,491,2497,1141
1347,10497,29,39,3189,2441,737,487,2496,1137
1348,10487,35,37,3189,2435,737,487,2499,1138
1349,10485,45,31,3196,2441,739,488,2494,1141
1350,10499,32,40,3198,2437,736,486,2493,1141
1351,10491,33,34,3197,2439,737,487,2492,1138
1352,10490,40,31,3201,2440,742,486,2491,1139
1353,10499,41,26,3204,2441,747,488,2491,1143
1354,10514,38,37,3204,2443,745,488,2487,1148
1355,10515,36,38,3208,2438,747,486,2488,1146
1356,10513,35,37,3208,2434,751,486,2490,1142
1357,10511,47,42,3212,2438,745,489,2489,1143
1358,10516,41,50,3212,2441,743,488,2483,1140
1359,10507,45,34,3218,2445,746,487,2484,1138
1360,10518,35,47,3216,2444,741,485,2480,1140
1361,10506,33,33,3212,2445,744,485,2483,1137
1362,10506,35,40,3207,2441,743,483,2490,1137
1363,10501,31,35,3210,2436,743,484,2484,1140
1364,10497,39,35,3210,2432,744,486,2487,1142
1365,10501,40,39,3212,2433,744,486,2489,1138
1366,10502,27,43,3205,2429,748,488,2482,1134
1367,10486,31,27,3205,2427,745,489,2488,1136
1368,10490,34,31,3205,2429,745,486,2491,1137
1369,10493,36,43,3207,2428,744,488,2488,1131
1370,10486,35,39,3204,2426,743,486,2494,1129
1371,10482,35,39,3205,2428,736,485,2496,1128
1372,10478,43,34,3209,2428,737,486,2499,1128
1373,10487,46,35,3208,2434,731,488,2508,1129
1374,10498,21,42,3202,2430,729,489,2498,1129
1375,10477,33,37,3203,2430,730,487,2497,1126
1376,10473,38,37,3202,2430,728,487,2499,1128
1377,10474,46,53,3200,2420,728,492,2497,1130
1378,10467,30,46,3195,2418,730,487,2493,1128
1379,10451,27,31,3190,2423,732,489,2490,1123
1380,10447,40,39,3197,2423,732,489,2484,1123
1381,10448,44,25,3205,2426,733,490,2488,1125
1382,10467,28,49,3194,2424,734,489,2482,1123
1383,10446,34,34,3195,2429,735,487,2480,1120
1384,10446,45,45,3199,2424,736,489,2478,1120
1385,10446,41,51,3201,2423,731,490,2473,1118
1386,10436,28,37,3203,2420,729,489,2471,1115
1387,10427,37,25,3208,2420,730,493,2472,1116
1388,10439,40,41,3203,2422,732,493,2474,1114
1389,10438,40,39,3203,2421,732,494,2478,1111
1390,10439,34,30,3206,2423,732,496,2476,1110
1391,10443,38,29,3211,2423,730,497,2480,1111
1392,10452,33,35,3211,2419,731,496,2480,1113
1393,10450,45,43,3212,2417,728,498,2485,1112
1394,10452,34,43,3214,2411,729,496,2480,1113
1395,10443,32,29,3217,2411,731,496,2479,1112
1396,10446,43,30,3220,2411,735,497,2481,1115
1397,10459,35,39,3220,2406,734,496,2481,1118
1398,10455,39,28,3222,2406,738,494,2485,1121
1399,10466,49,33,3231,2409,737,494,2488,1123
1400,10482,41,55,3223,2408,736,495,2488,1118
1401,10468,33,31,3221,2407,737,495,2485,1125
1402,10470,39,42,3228,2407,735,496,2484,1117
1403,10467,39,34,3230,2411,736,500,2482,1113
1404,10472,30,41,3224,2411,734,495,2480,1117
1405,10461,42,32,3224,2408,737,495,2491,1116
1406,10471,39,33,3227,2408,738,497,2492,1115
1407,10477,40,45,3226,2410,735,498,2496,1107
1408,10472,41,44,3218,2412,738,501,2494,1106
1409,10469,37,35,3221,2413,737,500,2493,1107
1410,10471,42,41,3230,2412,737,499,2491,1103
1411,10472,40,34,3233,2414,738,499,2490,1104
1412,10478,37,33,3236,2415,736,500,2496,1099
1413,10482,27,42,3235,2409,734,498,2488,1103
1414,10467,32,34,3231,2407,736,498,2491,1102
1415,10465,36,33,3234,2407,736,497,2490,1104
1416,10468,35,29,3235,2404,739,498,2491,1107
1417,10474,37,39,3234,2403,737,495,2494,1109
1418,10472,30,34,3232,2398,738,497,2492,1111
1419,10468,34,34,3230,2403,736,498,2490,1111
1420,10468,50,39,3236,2405,735,497,2494,1112
1421,10479,41,43,3233,2408,730,500,2495,1111
1422,10477,38,37,3233,2407,732,501,2492,1113
1423,10478,29,40,3236,2406,724,501,2485,1115
1424,10467,31,29,3235,2406,731,501,2480,1116
1425,10469,34,28,3241,2406,730,504,2478,1116
1426,10475,36,27,3244,2406,733,504,2483,1114
1427,10484,45,36,3249,2409,732,501,2487,1115
1428,10493,31,54,3235,2405,732,499,2488,1111
1429,10470,30,34,3238,2404,729,500,2484,1111
1430,10466,40,42,3237,2408,728,499,2476,1116
1431,10464,42,41,3237,2405,728,501,2477,1117
1432,10465,40,42,3234,2411,726,502,2472,1118
1433,10463,30,41,3224,2412,725,500,2474,1117
1434,10452,30,35,3218,2421,724,497,2469,1118
1435,10447,41,28,3231,2424,726,497,2466,1116
1436,10460,31,40,3229,2421,729,497,2462,1113
1437,10451,47,52,3226,2421,729,500,2459,1111
1438,10446,22,43,3217,2419,724,497,2459,1109
1439,10425,44,24,3219,2426,727,499,2462,1112
1440,10445,32,40,3213,2431,727,497,2456,1113
1441,10437,41,39,3221,2431,729,493,2450,1115
1442,10439,40,30,3226,2428,736,491,2448,1120
1443,10449,40,45,3227,2429,729,489,2451,1119
1444,10444,34,27,3231,2431,727,491,2456,1115
1445,10451,40,40,3230,2431,726,491,2452,1121
1446,10451,30,32,3227,2433,722,491,2452,1124
1447,10449,45,27,3233,2433,725,492,2456,1128
1448,10467,52,39,3239,2444,725,489,2451,1132
1449,10480,39,34,3237,2445,728,491,2454,1130
1450,10485,38,40,3231,2449,731,489,2451,1132
1451,10483,33,27,3238,2450,732,488,2451,1130
1452,10489,30,46,3243,2444,732,487,2440,1127
1453,10473,46,35,3248,2450,733,487,2442,1124
1454,10484,25,33,3244,2452,734,489,2432,1125
1455,10476,39,36,3242,2458,736,486,2429,1128
1456,10479,33,34,3240,2457,733,487,2434,1127
1457,10478,42,35,3238,2461,734,487,2437,1128
1458,10485,35,45,3242,2460,730,483,2436,1124
1459,10475,41,29,3245,2465,730,483,2442,1122
1460,10487,40,36,3245,2469,730,484,2441,1122
1461,10491,32,39,3242,2460,733,484,2440,1125
1462,10484,37,45,3239,2463,728,483,2439,1124
1463,10476,34,35,3239,2460,728,484,2437,1127
1464,10475,43,30,3246,2461,729,485,2439,1128
1465,10488,42,39,3246,2464,730,482,2440,1129
1466,10491,41,47,3248,2458,732,483,2433,1131
1467,10485,38,42,3244,2458,732,483,2432,1132
1468,10481,42,33,3247,2461,731,481,2436,1134
1469,10490,31,40,3245,2461,731,481,2432,1131
1470,10481,31,33,3245,2458,730,483,2432,1131
1471,10479,39,33,3236,2465,729,485,2434,1136
1472,10485,30,38,3231,2463,732,488,2428,1135
1473,10477,47,37,3240,2456,733,486,2436,1136
1474,10487,44,31,3242,2464,732,484,2441,1137
1475,10500,25,40,3235,2459,734,482,2442,1133
1476,10485,34,31,3232,2469,738,482,2433,1134
1477,10488,43,40,3231,2468,736,484,2437,1135
1478,10491,40,44,3233,2461,735,483,2441,1134
1479,10487,26,44,3221,2458,734,483,2439,1134
1480,10469,38,40,3227,2448,737,483,2442,1130
1481,10467,39,43,3219,2459,739,484,2434,1128
1482,10463,39,36,3219,2458,738,486,2437,1128
1483,10466,39,34,3221,2462,738,488,2437,1125
1484,10471,38,30,3218,2462,744,485,2442,1128
1485,10479,25,38,3214,2456,747,484,2438,1127
1486,10466,33,34,3210,2453,746,485,2442,1129
1487,10465,35,37,3209,2453,747,486,2439,1129
1488,10463,41,41,3213,2449,746,484,2442,1129
1489,10463,43,36,3206,2458,748,486,2442,1130
1490,10470,37,38,3208,2457,751,486,2436,1131
1491,10469,40,33,3210,2462,751,487,2439,1127
1492,10476,33,31,3212,2464,749,484,2441,1128
1493,10478,33,42,3210,2461,752,488,2431,1127
1494,10469,33,35,3209,2462,753,485,2431,1127
1495,10467,39,35,3210,2469,756,484,2426,1126
1496,10471,38,45,3208,2467,754,482,2428,1125
1497,10464,39,35,3209,2464,758,485,2429,1123
1498,10468,47,42,3215,2463,759,482,2424,1130
1499,10473,39,41,3211,2468,757,484,2421,1130
1500,10471,45,36,3215,2467,753,487,2431,1127
1501,10480,42,47,3214,2473,755,484,2422,1127
1502,10475,38,50,3208,2473,749,484,2424,1125
1503,10463,44,34,3215,2473,752,483,2427,1123
1504,10473,41,32,3219,2475,751,486,2431,1120
1505,10482,31,38,3225,2468,751,484,2429,1118
1506,10475,34,37,3222,2470,751,487,2426,1116
1507,10472,37,31,3225,2469,751,487,2427,1119
1508,10478,26,40,3221,2466,751,485,2424,1117
1509,10464,43,33,3226,2471,752,482,2427,1116
1510,10474,39,40,3234,2462,755,483,2426,1113
1511,10473,35,34,3230,2467,753,479,2430,1115
1512,10474,49,49,3229,2465,757,478,2431,1114
1513,10474,36,30,3226,2464,757,477,2440,1116
1514,10480,35,41,3224,2460,758,477,2440,1115
1515,10474,36,46,3216,2461,758,476,2441,1112
1516,10464,26,34,3217,2460,758,476,2436,1109
1517,10456,38,39,3217,2455,758,476,2440,1109
1518,10455,33,45,3219,2453,755,474,2435,1107
1519,10443,33,33,3216,2454,755,474,2434,1110
1520,10443,37,42,3207,2450,752,477,2441,1111
1521,10438,29,47,3208,2449,752,477,2427,1107
1522,10420,39,38,3199,2448,754,479,2436,1105
1523,10421,33,44,3195,2445,755,477,2432,1106
1524,10410,44,34,3198,2447,757,478,2436,1104
1525,10420,30,41,3199,2439,756,478,2437,1100
1526,10409,34,31,3196,2437,759,481,2438,1101
1527,10412,40,32,3200,2439,761,480,2440,1100
1528,10420,36,42,3194,2445,759,479,2436,1101
1529,10414,31,42,3184,2442,761,480,2434,1102
1530,10403,37,35,3185,2443,767,477,2430,1103
1531,10405,43,39,3185,2440,764,478,2437,1105
1532,10409,51,41,3190,2442,766,477,2438,1106
1533,10419,39,43,3190,2441,765,477,2435,1107
1534,10415,42,40,3199,2439,764,478,2434,1103
1535,10417,35,39,3195,2436,766,477,2434,1105
1536,10413,28,39,3189,2433,765,476,2431,1108
1537,10402,39,50,3189,2427,764,476,2424,1111
1538,10391,36,38,3187,2425,766,477,2425,1109
1539,10389,30,47,3186,2415,765,474,2425,1107
1540,10372,40,34,3188,2411,768,477,2432,1102
1541,10378,27,29,3189,2409,767,477,2432,1102
1542,10376,36,33,3197,2404,767,479,2431,1101
1543,10379,44,39,3198,2404,767,478,2436,1101
1544,10384,51,36,3200,2412,767,477,2444,1099
1545,10399,43,49,3202,2405,767,478,2439,1102
1546,10393,35,50,3200,2401,768,473,2436,1100
1547,10378,45,28,3200,2404,767,477,2446,1101
1548,10395,30,34,3197,2406,766,477,2448,1097
1549,10391,35,41,3196,2404,768,476,2444,1097
1550,10385,30,25,3199,2404,769,478,2447,1093
1551,10390,43,36,3201,2410,768,478,2445,1095
1552,10397,30,40,3198,2411,763,478,2443,1094
1553,10387,44,33,3203,2409,765,481,2446,1094
1554,10398,30,38,3202,2406,761,480,2444,1097
1555,10390,46,43,3203,2403,766,477,2450,1094
1556,10393,40,39,3202,2407,761,479,2454,1091
1557,10394,31,43,3207,2395,757,478,2450,1095
1558,10382,39,34,3215,2404,758,477,2439,1094
1559,10387,42,44,3215,2402,755,475,2444,1094
1560,10385,32,48,3217,2396,758,471,2437,1090
1561,10369,43,36,3215,2400,757,472,2437,1095
1562,10376,27,45,3207,2396,755,469,2435,1096
1563,10358,41,31,3216,2395,754,470,2437,1096
1564,10368,25,29,3220,2397,753,468,2434,1092
1565,10364,34,33,3221,2393,754,466,2437,1094
1566,10365,43,38,3222,2398,754,466,2435,1095
1567,10370,39,44,3232,2393,752,467,2428,1093
1568,10365,34,39,3226,2391,749,467,2436,1091
1569,10360,40,36,3228,2393,749,470,2441,1083
1570,10364,39,50,3228,2386,749,471,2441,1078
1571,10353,41,24,3239,2385,754,470,2442,1080
1572,10370,32,38,3246,2379,756,468,2437,1078
1573,10364,33,40,3238,2381,755,466,2438,1079
1574,10357,36,34,3242,2380,756,465,2438,1078
1575,10359,44,39,3231,2384,758,465,2440,1086
1576,10364,43,36,3234,2394,757,467,2436,1083
1577,10371,30,30,3235,2395,757,468,2435,1081
1578,10371,42,37,3233,2399,755,466,2439,1084
1579,10376,48,33,3245,2406,750,469,2437,1084
1580,10391,37,37,3241,2403,752,468,2439,1088
1581,10391,43,33,3247,2407,750,465,2445,1087
1582,10401,41,35,3252,2395,750,467,2450,1093
1583,10407,38,46,3254,2391,751,464,2451,1088
1584,10399,40,41,3254,2391,752,463,2455,1083
1585,10398,41,37,3254,2398,751,460,2453,1086
1586,10402,31,41,3251,2396,748,457,2455,1085
1587,10392,28,39,3248,2396,749,457,2447,1084
1588,10381,22,34,3248,2395,747,457,2444,1078
1589,10369,37,34,3242,2399,748,454,2451,1078
1590,10372,46,32,3252,2395,749,456,2451,1083
1591,10386,33,46,3246,2397,747,457,2448,1078
1592,10373,34,39,3246,2392,747,455,2450,1078
1593,10368,39,28,3248,2398,750,456,2452,1075
1594,10379,37,38,3254,2398,749,455,2450,1072
1595,10378,30,33,3259,2391,746,458,2449,1072
1596,10375,41,36,3263,2389,744,458,2449,1077
1597,10380,38,31,3261,2390,743,461,2456,1076
1598,10387,40,39,3263,2391,743,464,2452,1075
1599,10388,33,25,3266,2394,743,463,2453,1077
1600,10396,37,32,3271,2391,742,464,2455,1078
1601,10401,34,34,3279,2390,744,461,2452,1075
1602,10401,35,49,3280,2391,740,462,2442,1072
1603,10387,38,23,3282,2395,742,460,2447,1076
1604,10402,43,51,3278,2393,740,459,2449,1075
1605,10394,48,38,3281,2401,738,461,2448,1075
1606,10404,41,46,3281,2395,741,464,2442,1076
1607,10399,32,41,3279,2397,737,462,2440,1075
1608,10390,38,29,3283,2400,739,462,2441,1074
1609,10399,50,44,3290,2400,740,462,2441,1072
1610,10405,36,42,3296,2397,734,458,2441,1073
1611,10399,33,41,3292,2393,735,458,2435,1078
1612,10391,37,36,3291,2391,736,460,2436,1078
1613,10392,44,46,3296,2389,735,460,2432,1078
1614,10390,30,27,3303,2389,736,460,2427,1078
1615,10393,38,46,3294,2389,739,462,2427,1074
1616,10385,36,35,3295,2389,737,458,2430,1077
1617,10386,37,36,3293,2392,735,458,2432,1077
1618,10387,37,43,3289,2389,732,459,2438,1074
1619,10381,36,36,3288,2391,732,458,2437,1075
1620,10381,37,41,3288,2384,733,458,2439,1075
1621,10377,50,36,3302,2381,738,458,2436,1076
1622,10391,42,43,3302,2384,739,456,2428,1081
1623,10390,37,45,3298,2388,736,456,2427,1077
1624,10382,31,40,3298,2380,733,456,2428,1078
1625,10373,37,36,3296,2385,734,456,2426,1077
1626,10374,33,44,3291,2383,733,456,2421,1079
1627,10363,48,43,3284,2398,732,451,2423,1080
1628,10368,38,34,3290,2398,735,451,2422,1076
1629,10372,46,39,3290,2402,734,448,2425,1080
1630,10379,46,37,3297,2403,734,446,2428,1080
1631,10388,32,42,3284,2406,734,445,2426,1083
1632,10378,43,47,3286,2398,734,442,2431,1083
1633,10374,32,37,3286,2401,730,441,2427,1084
1634,10369,33,33,3288,2408,733,441,2418,1081
1635,10369,25,34,3282,2404,736,441,2418,1079
1636,10360,29,44,3278,2400,733,439,2419,1076
1637,10345,35,41,3276,2397,732,440,2420,1074
1638,10339,36,31,3275,2399,735,438,2422,1075
1639,10344,29,36,3276,2393,732,440,2418,1078
1640,10337,36,21,3279,2394,734,441,2426,1078
1641,10352,33,40,3272,2388,734,441,2429,1081
1642,10345,43,37,3272,2384,733,441,2435,1086
1643,10351,40,34,3277,2385,736,440,2431,1088
1644,10357,45,34,3279,2383,743,442,2433,1088
1645,10368,32,30,3285,2388,738,439,2432,1088
1646,10370,36,40,3279,2389,737,438,2433,1090
1647,10366,36,39,3287,2388,733,439,2427,1089
1648,10363,33,29,3283,2385,733,440,2435,1091
1649,10367,39,33,3283,2391,734,438,2435,1092
1650,10373,41,41,3284,2393,736,437,2429,1094
1651,10373,41,39,3289,2392,737,438,2423,1096
1652,10375,39,44,3286,2386,737,437,2428,1096
1653,10370,35,42,3285,2388,730,438,2421,1101
1654,10363,40,33,3286,2394,729,440,2424,1097
1655,10370,31,39,3286,2387,728,442,2421,1098
1656,10362,35,38,3284,2384,726,445,2425,1095
1657,10359,29,43,3282,2382,723,443,2420,1095
1658,10345,48,39,3283,2380,724,445,2424,1098
1659,10354,36,40,3281,2377,726,446,2419,1101
1660,10350,34,37,3278,2378,722,446,2422,1101
1661,10347,44,49,3280,2375,727,442,2419,1099
1662,10342,37,36,3274,2380,728,442,2422,1097
1663,10343,45,30,3283,2387,731,440,2422,1095
1664,10358,32,47,3280,2385,729,440,2419,1090
1665,10343,37,41,3276,2379,730,437,2423,1094
1666,10339,35,41,3272,2379,732,439,2417,1094
1667,10333,44,42,3272,2380,732,439,2421,1091
1668,10335,42,40,3272,2380,733,434,2426,1092
1669,10337,44,37,3281,2376,735,437,2428,1087
1670,10344,36,42,3276,2377,733,439,2425,1088
1671,10338,33,41,3277,2381,729,437,2420,1086
1672,10330,44,46,3281,2375,730,436,2420,1086
1673,10328,39,35,3281,2375,727,435,2424,1090
1674,10332,48,40,3282,2376,726,434,2424,1098
1675,10340,30,41,3280,2376,726,433,2419,1095
1676,10329,45,38,3285,2374,723,437,2419,1098
1677,10336,36,34,3286,2369,725,437,2426,1095
1678,10338,29,38,3284,2366,723,436,2421,1099
1679,10329,41,34,3288,2369,722,435,2420,1102
1680,10336,47,42,3288,2368,724,433,2429,1099
1681,10341,30,40,3284,2365,723,431,2430,1098
1682,10331,36,43,3285,2360,728,430,2422,1099
1683,10324,34,38,3286,2356,723,432,2426,1097
1684,10320,33,29,3283,2358,721,431,2431,1100
1685,10324,42,37,3281,2363,723,431,2427,1104
1686,10329,34,52,3275,2363,721,428,2425,1099
1687,10311,39,42,3275,2362,724,429,2421,1097
1688,10308,30,34,3280,2365,724,426,2413,1096
1689,10304,44,39,3276,2369,722,424,2422,1096
1690,10309,34,35,3281,2364,721,425,2420,1097
1691,10308,37,37,3287,2365,726,421,2414,1095
1692,10308,36,40,3281,2367,722,422,2419,1093
1693,10304,34,29,3280,2371,725,423,2417,1093
1694,10309,33,48,3278,2370,725,420,2407,1094
1695,10294,42,27,3279,2374,727,422,2413,1094
1696,10309,41,41,3278,2377,730,422,2409,1093
1697,10309,39,32,3282,2383,731,421,2409,1090
1698,10316,44,35,3281,2382,734,424,2412,1092
1699,10325,39,37,3282,2379,734,424,2412,1096
1700,10327,40,33,3286,2373,736,426,2420,1093
1701,10334,35,31,3281,2368,739,428,2423,1099
1702,10338,37,45,3275,2367,738,426,2426,1098
1703,10330,37,36,3270,2363,741,428,2429,1100
1704,10331,31,47,3258,2364,738,426,2430,1099
1705,10315,33,44,3260,2356,735,430,2421,1102
1706,10304,45,35,3259,2360,735,432,2428,1100
1707,10314,37,46,3263,2360,736,429,2418,1099
1708,10305,29,30,3260,2363,731,429,2425,1096
1709,10304,39,36,3261,2361,735,430,2423,1097
1710,10307,31,36,3264,2356,734,431,2421,1096
1711,10302,39,38,3262,2357,733,429,2424,1098
1712,10303,43,44,3265,2363,731,429,2421,1093
1713,10302,37,33,3261,2365,729,429,2425,1097
1714,10306,35,39,3261,2364,729,426,2422,1100
1715,10302,43,34,3266,2367,726,427,2425,1100
1716,10311,37,39,3269,2368,724,428,2422,1098
1717,10309,40,38,3261,2371,726,429,2424,1100
1718,10311,37,36,3262,2369,726,429,2424,1102
1719,10312,38,39,3254,2371,726,431,2423,1106
1720,10311,34,47,3255,2369,719,428,2417,1110
1721,10298,33,35,3252,2369,721,427,2416,1111
1722,10296,50,35,3255,2372,721,427,2421,1115
1723,10311,48,36,3248,2375,724,428,2433,1115
1724,10323,40,44,3255,2373,728,426,2426,1111
1725,10319,35,37,3254,2369,726,427,2428,1113
1726,10317,41,31,3257,2369,727,428,2430,1116
1727,10327,33,35,3258,2363,728,428,2430,1118
1728,10325,38,39,3265,2360,729,430,2424,1116
1729,10324,35,31,3265,2360,736,431,2420,1116
1730,10328,38,39,3272,2358,732,429,2417,1119
1731,10327,32,43,3263,2354,734,428,2420,1117
1732,10316,48,27,3269,2359,731,428,2427,1123
1733,10337,51,52,3260,2360,730,430,2433,1123
1734,10336,40,39,3259,2358,730,428,2437,1125
1735,10337,28,38,3255,2356,731,426,2434,1125
1736,10327,39,28,3263,2362,730,427,2431,1125
1737,10338,31,28,3268,2361,731,428,2431,1122
1738,10341,34,42,3276,2352,729,428,2430,1118
1739,10333,31,39,3274,2355,727,427,2428,1114
1740,10325,30,37,3270,2354,728,428,2422,1116
1741,10318,32,31,3273,2348,729,428,2427,1114
1742,10319,47,34,3280,2350,730,429,2431,1112
1743,10332,31,42,3278,2341,732,430,2425,1115
1744,10321,44,38,3273,2345,728,430,2432,1119
1745,10327,26,41,3275,2335,727,429,2430,1116
1746,10312,45,36,3275,2334,731,429,2431,1121
1747,10321,44,37,3279,2331,733,429,2433,1123
1748,10328,44,43,3283,2328,733,430,2437,1118
1749,10329,50,43,3287,2327,734,429,2441,1118
1750,10336,32,44,3288,2321,731,428,2437,1119
1751,10324,39,46,3286,2318,732,429,2432,1120
1752,10317,37,33,3294,2319,733,430,2430,1115
1753,10321,44,45,3294,2320,732,434,2429,1111
1754,10320,43,38,3296,2319,733,432,2435,1110
1755,10325,27,38,3293,2319,731,431,2430,1110
1756,10314,52,42,3291,2327,730,431,2433,1112
1757,10324,30,37,3285,2324,730,433,2436,1109
1758,10317,39,37,3289,2319,728,433,2441,1109
1759,10319,36,43,3285,2317,727,431,2436,1116
1760,10312,47,37,3282,2325,730,431,2437,1117
1761,10322,26,40,3272,2328,728,429,2434,1117
1762,10308,31,32,3276,2328,724,428,2435,1116
1763,10307,28,36,3276,2327,726,429,2429,1112
1764,10299,41,41,3280,2331,723,428,2427,1110
1765,10299,40,28,3279,2341,723,428,2425,1115
1766,10311,34,42,3281,2344,719,428,2424,1107
1767,10303,33,33,3278,2345,722,429,2422,1107
1768,10303,36,37,3279,2339,722,429,2427,1106
1769,10302,38,31,3281,2345,723,430,2425,1105
1770,10309,50,36,3290,2346,725,431,2427,1104
1771,10323,44,43,3293,2341,724,431,2431,1104
1772,10324,46,38,3293,2347,724,430,2437,1101
1773,10332,36,29,3294,2346,725,431,2441,1102
1774,10339,31,37,3294,2349,725,430,2441,1094
1775,10333,40,28,3302,2347,723,431,2448,1094
1776,10345,19,33,3298,2343,722,430,2446,1092
1777,10331,44,27,3306,2342,723,433,2450,1094
1778,10348,34,44,3301,2339,727,436,2447,1088
1779,10338,42,32,3302,2346,726,436,2452,1086
1780,10348,27,34,3300,2342,727,436,2450,1086
1781,10341,30,43,3294,2347,725,436,2440,1086
1782,10328,42,28,3302,2352,728,437,2436,1087
1783,10342,39,33,3308,2355,729,435,2438,1083
1784,10348,37,32,3313,2353,727,438,2441,1081
1785,10353,49,33,3317,2360,724,441,2442,1085
1786,10369,42,47,3305,2364,726,446,2439,1084
1787,10364,32,33,3308,2360,725,444,2438,1088
1788,10363,35,41,3306,2361,719,443,2438,1090
1789,10357,37,34,3313,2362,715,443,2437,1090
1790,10360,39,32,3316,2364,717,444,2434,1092
1791,10367,36,36,3319,2363,717,442,2437,1089
1792,10367,28,41,3311,2368,718,442,2432,1083
1793,10354,32,30,3312,2371,720,442,2427,1084
1794,10356,33,39,3318,2367,720,443,2420,1082
1795,10350,35,36,3313,2361,720,445,2427,1083
1796,10349,25,45,3308,2357,718,444,2421,1081
1797,10329,38,39,3305,2362,718,443,2420,1080
1798,10328,33,29,3304,2372,718,444,2418,1076
1799,10332,29,34,3307,2371,717,442,2416,1074
1800,10327,39,26,3312,2371,719,442,2423,1073
1801,10340,27,36,3311,2367,716,443,2419,1075
1802,10331,46,34,3316,2368,716,442,2425,1076
1803,10343,43,33,3319,2371,714,442,2433,1074
1804,10353,41,43,3316,2368,715,442,2433,1077
1805,10351,30,25,3320,2367,715,444,2434,1076
1806,10356,41,36,3325,2367,716,444,2436,1073
1807,10361,41,39,3321,2374,716,441,2434,1077
1808,10363,38,36,3322,2367,723,441,2432,1080
1809,10365,44,35,3324,2372,724,442,2431,1081
1810,10374,26,35,3324,2369,721,441,2427,1083
1811,10365,37,39,3317,2371,725,439,2428,1083
1812,10363,37,33,3321,2377,724,441,2425,1079
1813,10367,36,52,3311,2370,723,440,2424,1083
1814,10351,44,29,3318,2376,723,443,2422,1084
1815,10366,40,35,3328,2369,726,443,2422,1083
1816,10371,40,36,3331,2369,728,443,2422,1082
1817,10375,40,39,3339,2367,732,441,2414,1083
1818,10376,34,38,3333,2368,731,445,2411,1084
1819,10372,45,40,3329,2371,736,445,2413,1083
1820,10377,36,35,3335,2366,733,442,2414,1088
1821,10378,38,31,3333,2371,732,442,2417,1090
1822,10385,35,40,3333,2370,733,443,2412,1089
1823,10380,33,44,3327,2365,734,442,2413,1088
1824,10369,30,41,3324,2363,735,441,2410,1085
1825,10358,37,31,3325,2364,734,442,2411,1088
1826,10364,34,33,3329,2364,735,442,2407,1088
1827,10365,37,31,3327,2366,737,442,2409,1090
1828,10371,37,43,3321,2358,738,442,2412,1094
1829,10365,41,34,3329,2362,739,440,2408,1094
1830,10372,33,38,3326,2352,741,440,2412,1096
1831,10367,32,42,3314,2355,737,442,2409,1100
1832,10357,45,38,3313,2364,738,441,2408,1100
1833,10364,43,41,3307,2365,737,443,2414,1100
1834,10366,24,36,3303,2360,738,443,2409,1101
1835,10354,33,25,3301,2361,741,445,2414,1100
1836,10362,29,40,3299,2359,739,444,2410,1100
1837,10351,36,44,3293,2360,738,445,2401,1106
1838,10343,43,48,3285,2357,737,448,2404,1107
1839,10338,31,49,3278,2350,733,447,2404,1108
1840,10320,35,36,3278,2352,730,448,2401,1110
1841,10319,29,38,3272,2355,733,447,2398,1105
1842,10310,41,31,3282,2353,729,448,2402,1106
1843,10320,33,30,3282,2352,729,448,2404,1108
1844,10323,44,31,3286,2353,731,451,2405,1110
1845,10336,43,45,3285,2355,733,451,2403,1107
1846,10334,43,38,3286,2358,731,452,2402,1110
1847,10339,37,37,3285,2361,733,452,2403,1105
1848,10339,38,37,3288,2363,729,451,2403,1106
1849,10340,31,43,3287,2361,726,451,2397,1106
1850,10328,35,31,3281,2368,726,453,2398,1106
1851,10332,35,32,3280,2366,730,452,2398,1109
1852,10335,38,48,3267,2376,733,451,2390,1108
1853,10325,44,45,3269,2377,731,452,2385,1110
1854,10324,31,37,3270,2374,728,452,2386,1108
1855,10318,23,32,3267,2373,730,450,2383,1106
1856,10309,41,32,3267,2369,733,452,2389,1108
1857,10318,27,23,3267,2375,729,450,2388,1113
1858,10322,37,46,3268,2373,732,450,2381,1109
1859,10313,39,42,3262,2375,731,448,2384,1110
1860,10310,44,32,3267,2377,731,450,2388,1109
1861,10322,40,40,3269,2379,733,449,2383,1109
1862,10322,40,39,3262,2377,735,452,2384,1113
1863,10323,49,44,3260,2386,738,451,2385,1108
1864,10328,32,32,3258,2386,737,452,2388,1107
1865,10328,39,35,3257,2393,736,451,2389,1106
1866,10332,34,47,3254,2391,737,449,2386,1102
1867,10319,36,40,3253,2383,737,452,2387,1103
1868,10315,28,35,3250,2381,736,449,2384,1108
1869,10308,29,28,3247,2384,734,451,2386,1107
1870,10309,50,31,3254,2383,735,453,2391,1112
1871,10328,32,48,3254,2378,736,452,2384,1108
1872,10312,35,36,3259,2376,733,452,2385,1106
1873,10311,31,25,3261,2378,731,454,2387,1106
1874,10317,45,36,3262,2378,732,454,2394,1106
1875,10326,37,38,3261,2383,729,452,2396,1104
1876,10325,44,36,3257,2389,729,454,2397,1107
1877,10333,43,44,3255,2387,729,454,2400,1107
1878,10332,35,48,3253,2381,727,448,2398,1112
1879,10319,36,40,3252,2379,725,447,2397,1115
1880,10315,43,30,3253,2382,727,448,2396,1122
1881,10328,39,43,3258,2385,722,449,2392,1118
1882,10324,47,41,3259,2392,719,449,2393,1118
1883,10330,25,37,3257,2395,719,447,2387,1113
1884,10318,35,33,3265,2395,717,448,2385,1110
1885,10320,35,34,3261,2399,714,448,2389,1110
1886,10321,44,36,3267,2399,717,449,2389,1108
1887,10329,33,32,3264,2404,717,447,2390,1108
1888,10330,41,34,3267,2406,719,449,2392,1104
1889,10337,43,36,3276,2405,718,448,2397,1100
1890,10344,34,48,3262,2408,717,448,2395,1100
1891,10330,41,38,3262,2411,716,447,2395,1102
1892,10333,45,34,3269,2412,716,450,2393,1104
1893,10344,35,37,3263,2407,720,450,2394,1108
1894,10342,33,32,3263,2405,721,452,2395,1107
1895,10343,37,33,3270,2407,719,450,2394,1107
1896,10347,32,46,3263,2404,717,451,2390,1108
1897,10333,29,47,3259,2402,715,453,2383,1103
1898,10315,39,33,3261,2397,716,456,2387,1104
1899,10321,32,33,3261,2395,716,457,2388,1103
1900,10320,44,37,3262,2395,716,458,2391,1105
1901,10327,34,37,3261,2396,718,459,2384,1106
1902,10324,43,32,3258,2398,721,459,2394,1105
1903,10335,47,39,3264,2399,719,458,2392,1111
1904,10343,33,33,3264,2398,716,459,2396,1110
1905,10343,30,33,3265,2392,716,457,2399,1111
1906,10340,35,29,3269,2392,714,458,2405,1108
1907,10346,37,40,3271,2390,714,456,2404,1108
1908,10343,42,31,3274,2390,713,458,2408,1111
1909,10354,46,48,3275,2396,709,457,2409,1106
1910,10352,45,53,3277,2392,710,459,2402,1104
1911,10344,33,39,3273,2393,708,458,2409,1097
1912,10338,38,29,3273,2396,709,461,2410,1098
1913,10347,45,48,3267,2400,711,462,2409,1095
1914,10344,33,47,3261,2392,708,463,2411,1095
1915,10330,32,37,3266,2389,706,462,2405,1097
1916,10325,46,41,3267,2395,708,460,2406,1094
1917,10330,42,37,3272,2396,705,461,2407,1094
1918,10335,36,36,3268,2395,706,460,2410,1096
1919,10335,38,34,3275,2397,706,461,2405,1095
1920,10339,38,34,3284,2400,706,458,2400,1095
1921,10343,32,30,3284,2404,708,456,2396,1097
1922,10345,39,44,3286,2402,711,459,2391,1091
1923,10340,39,52,3282,2397,708,455,2395,1090
1924,10327,37,42,3281,2390,710,457,2395,1089
1925,10322,50,40,3290,2398,710,457,2391,1086
1926,10332,27,39,3289,2391,709,458,2389,1084
1927,10320,43,37,3296,2393,708,458,2385,1086
1928,10326,47,40,3294,2394,708,460,2389,1088
1929,10333,34,36,3290,2391,709,463,2388,1090
1930,10331,41,34,3295,2395,713,461,2389,1085
1931,10338,30,39,3294,2395,710,460,2383,1087
1932,10329,44,35,3295,2397,712,462,2383,1089
1933,10338,34,35,3296,2389,715,464,2383,1090
1934,10337,49,41,3295,2391,714,465,2384,1096
1935,10345,32,38,3295,2392,711,466,2382,1093
1936,10339,30,35,3290,2391,711,466,2384,1092
1937,10334,33,28,3286,2392,712,466,2387,1096
1938,10339,45,27,3290,2402,713,467,2389,1096
1939,10357,33,42,3285,2394,714,466,2392,1097
1940,10348,36,27,3286,2398,712,467,2395,1099
1941,10357,35,35,3290,2400,707,466,2395,1099
1942,10357,40,35,3291,2397,706,467,2403,1098
1943,10362,46,39,3297,2393,709,466,2405,1099
1944,10369,45,39,3300,2397,706,465,2410,1097
1945,10375,32,44,3292,2393,705,467,2406,1100
1946,10363,39,27,3305,2390,708,468,2406,1098
1947,10375,44,30,3307,2390,710,469,2412,1101
1948,10389,44,28,3316,2396,713,469,2415,1096
1949,10405,46,49,3307,2397,713,472,2415,1098
1950,10402,35,45,3305,2394,711,473,2410,1099
1951,10392,40,39,3301,2397,710,473,2411,1101
1952,10393,34,44,3302,2397,708,476,2402,1098
1953,10383,32,35,3298,2397,705,479,2401,1100
1954,10380,41,41,3302,2393,708,482,2402,1093
1955,10380,45,34,3300,2399,709,484,2408,1091
1956,10391,26,36,3298,2398,709,482,2408,1086
1957,10381,52,39,3299,2403,708,482,2410,1092
1958,10394,27,35,3301,2396,706,484,2410,1089
1959,10386,30,40,3298,2397,705,484,2408,1084
1960,10376,38,34,3295,2399,709,486,2405,1086
1961,10380,38,41,3296,2397,710,485,2407,1082
1962,10377,41,42,3294,2399,709,486,2405,1083
1963,10376,33,52,3293,2390,705,488,2400,1081
1964,10357,33,43,3294,2385,704,488,2396,1080
1965,10347,37,39,3289,2390,704,487,2397,1078
1966,10345,39,41,3296,2384,701,487,2394,1081
1967,10343,45,32,3295,2387,702,489,2395,1088
1968,10356,32,30,3292,2388,703,488,2396,1091
1969,10358,32,50,3286,2392,700,487,2386,1089
1970,10340,39,30,3288,2393,702,486,2393,1087
1971,10349,36,30,3290,2393,705,487,2390,1090
1972,10355,33,43,3289,2391,705,484,2391,1085
1973,10345,40,35,3291,2393,705,486,2392,1083
1974,10350,42,32,3288,2394,704,489,2400,1085
1975,10360,35,39,3294,2392,702,490,2397,1081
1976,10356,41,36,3300,2391,702,490,2398,1080
1977,10361,32,33,3301,2389,703,491,2400,1076
1978,10360,25,29,3301,2383,703,493,2401,1075
1979,10356,34,31,3299,2385,705,493,2403,1074
1980,10359,48,36,3305,2387,704,495,2404,1076
1981,10371,42,50,3309,2387,702,496,2401,1068
1982,10363,34,43,3307,2381,703,497,2400,1066
1983,10354,42,39,3302,2381,705,500,2404,1065
1984,10357,34,33,3303,2379,706,496,2405,1069
1985,10358,34,39,3292,2383,700,496,2412,1070
1986,10353,40,30,3289,2394,698,496,2415,1071
1987,10363,29,48,3286,2388,697,497,2407,1069
1988,10344,43,35,3285,2385,699,496,2414,1073
1989,10352,39,44,3290,2385,696,496,2409,1071
1990,10347,46,41,3290,2384,697,498,2409,1074
1991,10352,41,40,3286,2394,697,497,2408,1071
1992,10353,49,35,3292,2393,699,500,2408,1075
1993,10367,43,41,3298,2392,698,501,2406,1074
1994,10369,35,40,3302,2388,696,499,2407,1072
1995,10364,35,34,3302,2388,693,500,2408,1074
1996,10365,37,44,3301,2385,691,500,2407,1074
1997,10358,34,41,3296,2384,692,502,2403,1074
1998,10351,35,42,3300,2381,689,502,2404,1068
1999,10344,34,31,3299,2379,690,503,2406,1070
2000,10347,39,27,3304,2386,692,504,2405,1068
2001,10359,38,29,3302,2385,693,505,2411,1072
2002,10368,45,43,3303,2390,694,504,2413,1066
2003,10370,35,37,3297,2386,693,504,2419,1069
2004,10368,34,46,3293,2385,693,505,2412,1068
2005,10356,44,28,3297,2388,694,503,2417,1073
2006,10372,44,26,3303,2393,696,502,2419,1077
2007,10390,36,38,3306,2387,696,500,2425,1074
2008,10388,42,46,3304,2385,699,502,2422,1072
2009,10384,38,39,3298,2386,701,501,2425,1072
2010,10383,39,33,3303,2388,702,501,2426,1069
2011,10389,45,36,3300,2392,702,502,2428,1074
2012,10398,38,40,3296,2387,703,504,2429,1077
2013,10396,30,40,3292,2384,699,506,2430,1075
2014,10386,34,35,3288,2388,702,503,2430,1074
2015,10385,33,42,3285,2387,704,500,2422,1078
2016,10376,41,32,3285,2390,704,501,2429,1076
2017,10385,34,34,3278,2392,700,503,2431,1081
2018,10385,34,38,3276,2392,697,502,2432,1082
2019,10381,46,36,3285,2400,696,500,2430,1080
2020,10391,44,33,3289,2401,698,499,2427,1088
2021,10402,44,32,3286,2411,695,501,2431,1090
2022,10414,45,47,3296,2404,695,499,2431,1087
2023,10412,32,48,3289,2401,691,498,2428,1089
2024,10396,39,33,3299,2396,692,500,2424,1091
2025,10402,42,34,3301,2396,691,500,2427,1095
2026,10410,34,40,3299,2396,691,499,2428,1091
2027,10404,39,36,3303,2398,691,499,2428,1088
2028,10407,50,39,3306,2400,691,500,2435,1086
2029,10418,35,40,3303,2399,696,498,2429,1088
2030,10413,41,25,3309,2400,697,496,2435,1092
2031,10429,32,47,3298,2398,697,498,2429,1094
2032,10414,44,31,3299,2406,698,500,2428,1096
2033,10427,39,42,3303,2402,696,498,2424,1101
2034,10424,28,47,3292,2403,698,497,2420,1095
2035,10405,29,25,3289,2404,699,498,2422,1097
2036,10409,31,35,3295,2401,699,500,2415,1095
2037,10405,42,32,3296,2401,697,498,2426,1097
2038,10415,46,33,3296,2408,697,498,2433,1096
